84,10,12,25,19
73,11,9,24,23
59,17,12,18,10
16,6,6,10,9
13,5,7,13,14
20,9,5,13,10
15,9,6,15,10
14,5,4,10,5
12,1,3,9,8
29,8,8,10,10
25,11,9,15,16
15,2,7,11,12
12,5,7,13,7
56,13,11,22,11
9,4,3,10,7
5,3,0,6,6
6,7,3,5,4
12,2,7,6,9
18,8,8,10,9
19,2,7,6,9
3,1,3,9,13
8,1,3,11,12
10,1,2,10,7
7,0,2,8,7
58,16,9,20,11
4,0,3,8,7
26,10,8,17,14
30,9,12,10,17
41,12,12,11,16
22,9,10,14,20
29,10,8,10,14
8,6,6,9,10
18,7,12,7,15
18,4,8,10,16
20,1,8,15,12
54,16,8,27,11
23,2,7,12,8
41,5,12,19,20
23,3,9,11,15
24,6,6,12,14
37,4,8,14,23
36,5,8,20,19
37,7,10,14,21
47,8,7,16,23
37,7,5,17,17
31,6,6,14,19
44,11,10,29,8
19,5,8,16,16
29,3,8,16,12
40,8,10,23,17
41,9,16,20,17
36,5,12,18,17
37,8,11,17,17
23,5,7,11,13
34,6,12,15,16
32,7,13,22,16
44,11,8,27,27
63,13,10,27,10
45,10,11,26,19
55,7,8,31,16
61,9,7,31,21
61,12,9,26,27
57,8,9,27,31
55,10,8,25,31
59,12,8,30,35
54,9,13,25,32
61,15,13,19,32
64,10,12,28,36
44,12,12,22,10
45,10,8,25,21
51,9,7,28,25
55,13,10,31,24
53,8,7,25,29
48,8,8,30,19
54,7,7,34,23
56,10,9,33,23
50,14,11,22,22
48,9,5,21,22
39,10,12,16,19
57,9,6,28,11
56,11,11,14,15
43,4,12,15,20
47,12,13,15,13
44,12,13,20,12
41,9,12,24,17
46,14,13,20,15
37,13,9,22,13
43,10,11,21,18
35,14,11,26,21
44,9,10,20,22
55,7,8,21,12
37,7,10,28,24
45,12,12,20,26
39,12,6,21,17
45,8,8,23,14
45,8,12,22,17
47,9,14,24,18
40,11,11,21,12
36,8,10,32,15
41,8,13,25,18
51,6,13,24,17
54,5,11,22,12
46,12,14,23,19
45,11,13,20,22
51,11,10,26,26
55,12,11,23,19
50,10,14,28,17
54,16,18,26,13
61,12,19,16,16
49,15,15,21,17
37,10,14,21,17
39,13,17,23,21
63,11,10,22,18
69,14,10,22,11
49,14,16,23,28
31,13,13,21,20
39,8,12,21,25
28,5,10,24,19
30,6,11,16,14
22,4,9,19,9
26,2,9,19,9
36,7,9,19,12
50,9,11,25,16
24,3,12,27,17
61,5,13,24,11
38,5,11,18,20
33,3,13,12,14
39,4,15,25,24
45,4,11,26,21
46,6,15,19,16
45,6,10,25,18
51,3,8,21,19
31,5,4,13,14
36,4,10,16,16
50,5,11,23,10
41,4,14,26,23
55,10,16,22,12
48,8,13,23,12
45,6,9,21,14
47,4,9,21,10
51,11,12,25,10
45,7,14,29,12
65,14,8,19,14
56,11,11,28,10
55,13,10,19,14
59,12,11,27,9
50,8,12,22,11
42,12,11,22,11
48,14,16,20,6
47,11,12,22,9
50,11,14,25,10
48,11,15,22,11
51,10,14,13,12
58,6,12,18,9
41,7,12,19,15
46,16,15,26,12
46,10,16,24,15
49,8,16,17,12
50,13,17,17,14
68,14,17,24,19
64,13,19,24,19
55,11,17,21,20
58,17,17,37,21
49,18,14,28,9
65,13,12,19,9
59,15,13,29,19
53,21,14,32,18
54,19,15,35,21
62,14,19,36,19
52,18,15,39,20
56,18,14,36,20
64,21,13,30,18
55,25,14,32,24
62,11,16,32,25
60,21,15,34,19
66,16,10,19,7
62,18,16,34,17
65,11,17,27,22
63,7,14,31,11
59,13,13,26,9
59,23,11,27,18
32,12,13,27,14
38,14,12,29,15
44,22,14,37,20
40,9,8,22,16
26,11,7,19,11
65,18,10,21,10
36,14,12,26,18
37,15,9,27,19
55,17,11,32,20
47,20,12,25,23
43,17,9,24,17
42,20,11,20,21
37,21,12,20,16
41,21,15,21,18
42,16,15,16,13
30,20,11,13,15
52,18,11,20,9
20,10,10,10,17
20,12,9,8,8
18,3,2,7,5
7,5,3,3,2
17,9,5,9,10
18,4,6,9,9
19,2,4,10,8
15,10,7,7,9
18,5,7,11,7
16,9,7,11,9
56,22,11,21,9
15,6,8,6,7
16,7,8,8,7
19,3,7,12,9
12,6,4,6,7
18,5,7,12,5
11,5,4,11,9
9,3,3,9,6
14,4,3,8,7
9,6,4,6,8
8,7,4,6,8
26,50,16,28,30
24,42,15,27,34
16,33,14,22,34
12,16,9,14,10
13,21,5,13,9
16,12,6,14,11
11,18,5,15,8
17,17,5,10,7
19,18,7,14,11
15,21,7,10,11
19,17,8,19,8
11,15,11,13,7
10,15,14,14,7
23,38,10,27,36
15,14,11,12,9
14,19,13,16,12
12,19,11,15,12
11,19,17,23,13
16,18,11,18,16
19,20,15,28,15
23,16,14,22,17
18,18,9,20,15
20,17,11,19,17
16,25,9,18,15
24,45,12,31,36
16,23,14,15,17
18,24,9,23,16
14,20,10,21,17
18,17,9,21,20
20,25,9,20,19
15,24,9,21,16
17,18,11,20,14
18,20,15,19,14
12,20,8,16,12
18,18,9,14,13
17,38,9,27,38
20,23,16,13,15
15,18,15,12,12
18,18,11,17,14
17,19,9,18,14
19,17,13,16,12
18,21,11,14,7
13,18,16,14,13
11,11,14,13,13
9,13,11,22,15
16,19,8,21,13
16,33,11,27,38
10,13,11,20,11
13,15,11,13,8
14,13,9,14,11
12,14,9,14,13
12,10,8,20,18
13,12,9,15,19
10,9,9,16,16
10,13,10,19,10
12,11,14,14,13
16,15,12,12,17
21,47,13,27,42
10,18,8,12,14
14,17,9,13,16
6,16,5,12,11
4,10,7,12,12
6,11,6,16,13
12,8,4,18,9
10,5,4,8,8
9,7,6,10,10
7,6,6,13,11
8,12,6,17,11
20,37,11,26,32
11,13,8,15,8
6,11,12,21,9
12,13,8,14,7
7,12,9,16,7
3,12,5,13,5
9,8,12,15,6
4,4,7,10,7
5,6,7,11,6
5,7,8,12,8
5,4,7,7,6
22,45,10,24,33
9,6,9,8,9
6,8,8,13,8
10,4,7,13,15
9,10,7,16,13
7,7,8,11,9
7,1,6,9,9
11,3,9,11,12
8,5,7,10,11
13,5,10,9,10
18,4,8,10,8
22,42,11,27,32
8,4,4,12,5
8,8,8,7,7
12,3,7,11,5
10,3,6,9,7
15,6,8,8,6
24,7,10,9,9
17,3,9,10,8
10,8,14,9,11
15,5,11,13,8
15,5,14,16,12
17,33,16,28,31
18,46,17,29,36
18,37,15,25,35
18,52,11,26,43
12,44,12,26,40
12,31,13,21,27
17,39,16,28,41
14,35,12,25,34
14,38,10,25,28
11,38,13,23,39
12,36,13,25,24
8,47,13,21,34
21,48,18,27,37
12,48,19,27,29
13,43,19,19,27
6,39,15,20,27
11,37,18,22,28
12,36,16,28,32
7,32,14,19,27
10,49,8,18,28
14,38,7,18,28
10,31,9,20,22
12,39,9,14,31
15,41,15,28,30
15,29,9,18,28
13,42,7,22,29
12,45,11,22,39
12,38,10,23,33
14,37,10,21,28
14,38,16,21,34
12,38,12,16,28
12,37,16,18,35
14,44,11,23,38
10,40,10,18,27
16,30,16,23,33
12,33,13,19,25
17,44,12,24,30
11,37,11,19,25
14,37,8,20,23
18,41,10,24,28
16,42,12,21,27
15,44,6,25,32
23,44,15,24,35
15,36,10,19,23
15,34,9,27,25
19,47,18,25,36
20,43,10,25,31
14,49,8,16,25
15,30,9,16,18
11,24,6,16,11
12,25,9,15,19
12,20,13,14,15
18,26,9,11,15
21,39,7,18,22
16,38,10,27,22
20,46,8,23,25
19,40,14,24,30
21,41,6,21,21
23,27,9,19,15
20,23,11,21,11
20,25,10,17,15
11,20,10,19,14
17,28,8,20,13
17,19,10,14,11
18,20,10,17,18
21,20,11,15,14
23,17,10,14,11
16,32,14,24,35
19,16,10,13,14
19,22,10,16,12
21,23,9,14,15
19,26,10,16,14
22,29,11,17,19
15,20,10,19,16
21,23,11,13,16
17,23,9,18,17
11,19,9,17,14
14,15,8,15,15
21,42,16,20,35
14,21,10,15,19
9,23,9,11,14
16,16,7,13,12
19,16,9,14,13
13,16,12,13,11
12,20,6,13,11
16,21,13,14,15
11,15,8,18,11
14,21,6,17,14
16,20,9,15,12
18,29,22,33,48
16,37,16,37,44
14,28,20,34,54
14,44,29,27,36
17,40,27,32,34
16,38,24,36,37
14,38,22,39,37
15,42,20,38,35
19,40,25,36,30
18,44,19,32,38
17,39,18,37,39
14,39,19,46,33
10,45,23,36,36
12,26,19,37,56
17,39,22,40,32
19,35,19,44,33
20,45,25,32,28
18,36,23,36,37
14,41,26,41,29
18,40,24,42,26
20,38,23,36,33
18,30,29,41,32
15,51,20,37,27
12,34,29,38,37
13,27,21,31,58
18,38,27,38,29
15,32,30,32,41
11,40,24,38,37
13,41,25,32,39
24,33,17,33,43
19,37,19,32,43
21,35,18,39,37
13,36,16,44,41
15,33,27,38,37
15,35,27,39,34
18,33,18,35,46
20,39,19,35,37
19,47,21,29,34
18,42,26,31,33
12,44,25,31,38
16,43,21,35,35
14,47,24,37,29
17,41,28,35,29
18,37,24,42,29
11,44,31,30,34
14,44,25,33,34
17,27,21,36,49
12,44,24,37,33
12,42,29,32,35
12,39,28,28,43
16,44,25,26,39
18,41,23,29,39
19,35,26,30,40
20,39,21,33,37
20,40,22,34,35
19,45,21,26,39
15,43,23,28,41
13,30,24,35,49
19,44,24,25,38
18,38,21,29,44
20,35,23,32,40
19,28,30,31,43
14,35,24,35,43
17,32,27,33,41
16,41,24,32,37
20,35,21,35,39
23,32,23,41,31
13,36,22,35,44
14,32,18,35,51
18,38,20,37,37
13,37,25,38,37
13,32,27,35,43
17,28,27,33,45
14,34,25,35,42
16,35,19,38,42
18,39,16,34,43
26,27,21,33,44
18,34,18,38,42
26,28,25,31,41
13,30,25,33,49
22,32,30,28,38
22,26,23,35,44
19,30,27,33,41
15,33,25,29,48
20,33,28,27,42
25,29,29,29,38
25,32,31,23,40
27,27,30,27,39
24,27,28,28,43
24,34,25,29,39
16,28,25,38,43
19,32,24,31,44
17,36,26,30,41
17,36,26,28,43
17,34,27,31,41
19,27,33,27,44
19,31,34,24,42
17,30,38,23,42
18,30,30,29,44
24,36,27,25,38
24,32,21,34,39
13,30,17,38,52
21,27,30,33,39
17,33,28,31,41
14,41,25,34,36
18,31,26,33,42
16,32,27,31,44
21,33,29,25,42
18,37,33,21,41
15,35,30,32,38
15,30,28,34,43
18,30,23,37,42
15,37,23,25,50
16,30,20,30,54
16,25,29,39,41
13,35,23,41,38
13,32,19,45,41
19,33,20,40,38
21,32,27,33,37
17,36,29,23,45
19,34,29,29,39
17,29,24,42,38
16,21,26,49,38
19,25,24,49,33
14,30,25,29,52
16,23,29,53,29
25,23,25,44,33
18,24,27,42,39
12,22,25,45,46
20,26,28,40,36
15,40,19,28,48
17,35,24,29,45
14,39,21,31,45
13,40,19,31,47
13,43,18,31,45
14,40,19,34,43
14,53,18,28,37
14,38,22,31,45
16,40,22,26,46
10,39,23,37,41
10,42,26,37,35
15,40,18,34,43
17,39,18,33,43
12,36,21,29,52
14,39,20,30,47
16,38,24,28,44
15,39,17,29,50
16,35,21,33,45
16,40,18,33,43
15,36,19,34,46
17,38,17,27,51
17,40,15,28,50
14,34,19,31,52
15,37,22,31,45
16,43,16,34,42
14,40,20,35,41
14,35,14,40,47
14,35,14,40,47
15,37,16,33,49
13,33,20,37,47
16,33,22,29,50
17,44,22,32,36
12,31,28,43,36
11,33,15,46,45
10,39,18,40,43
15,32,22,43,38
15,39,17,41,39
23,35,22,26,44
21,32,26,28,43
21,30,23,31,46
27,34,20,29,40
13,29,19,39,50
26,33,23,30,38
25,36,24,29,36
20,39,27,25,40
24,35,30,24,37
19,36,27,30,39
20,30,21,39,40
13,37,21,33,46
16,27,20,39,48
17,35,20,33,45
11,30,22,34,53
12,36,21,33,48
11,38,24,33,44
16,28,17,39,50
14,34,18,32,52
14,33,26,30,47
13,41,19,34,43
17,41,15,35,42
9,38,21,32,50
10,39,21,29,51
12,46,21,28,43
9,47,19,30,45
11,35,25,35,44
8,38,26,35,43
10,41,19,33,47
13,43,19,33,42
10,53,17,32,38
13,40,17,32,49
8,44,22,28,48
9,52,18,33,38
12,44,20,30,44
15,42,19,34,40
8,43,25,34,40
13,34,21,33,49
10,47,23,34,36
14,38,24,35,40
16,41,20,36,37
14,36,20,32,48
9,44,15,39,44
16,48,15,27,44
15,45,16,29,45
13,45,17,39,36
13,51,18,27,41
19,47,25,27,32
55,23,10,30,32
48,23,8,34,37
43,14,17,43,33
18,7,10,29,12
15,7,9,24,12
15,4,10,20,9
17,7,11,17,5
26,8,13,21,12
28,9,13,27,17
29,5,10,17,12
23,5,12,24,11
34,13,16,30,15
38,14,27,31,20
53,9,16,44,28
31,18,24,30,24
34,26,23,32,20
48,20,19,31,32
37,14,14,26,30
35,21,16,31,20
34,14,24,37,23
37,15,19,26,24
36,14,16,27,24
38,13,18,27,23
42,24,20,24,21
51,15,12,40,32
31,15,20,21,20
30,21,16,26,21
29,20,17,26,22
35,19,19,23,34
34,17,14,29,24
29,16,16,26,26
31,16,17,24,26
24,15,18,26,21
26,8,14,19,17
18,11,7,15,19
57,17,11,38,27
20,10,5,15,16
13,5,7,12,9
16,8,9,18,17
17,6,15,18,12
19,5,9,10,7
20,6,10,13,9
25,8,14,22,9
30,13,21,30,20
28,11,20,21,18
28,7,18,28,17
48,21,15,41,26
28,1,16,21,14
27,6,15,25,17
32,8,18,29,20
29,8,19,29,20
28,7,18,27,12
36,7,18,25,12
37,8,19,27,21
37,8,20,25,21
33,16,16,23,19
42,15,14,27,16
50,23,15,34,28
14,4,10,15,9
16,4,10,15,9
28,3,13,15,12
22,3,14,13,12
26,4,9,9,13
27,4,9,9,13
26,2,11,15,12
35,2,11,23,13
48,12,13,23,17
40,14,14,23,14
47,20,11,38,34
34,12,11,26,15
44,28,15,26,23
48,22,15,23,24
43,19,16,19,26
45,22,10,24,25
40,23,13,23,22
32,26,16,22,26
31,25,14,27,31
33,27,15,25,31
28,15,20,23,16
42,25,11,32,40
20,13,22,26,22
26,14,20,30,21
26,12,21,29,18
23,13,16,28,17
29,17,14,18,17
28,8,14,22,14
27,11,13,17,16
33,13,12,20,21
30,10,17,26,19
30,22,18,25,19
47,19,12,36,36
27,21,17,23,19
21,17,18,24,21
27,11,15,23,20
36,19,10,22,16
37,15,10,27,18
26,14,15,23,20
36,12,12,33,22
36,12,13,32,20
39,16,19,32,26
31,12,14,34,23
43,20,14,37,36
34,10,9,33,30
35,13,8,27,24
42,17,10,23,28
40,14,8,22,26
25,19,18,24,20
29,19,19,23,23
26,13,16,19,19
29,12,14,22,20
44,24,15,19,25
33,17,11,28,19
48,24,9,33,36
39,22,10,46,33
31,20,10,21,22
28,20,12,22,22
33,20,11,21,25
37,19,14,18,22
52,18,12,32,36
46,18,9,38,39
48,18,9,34,41
42,15,15,43,35
35,19,15,37,44
36,20,16,40,38
35,21,16,41,37
38,13,14,43,42
53,18,13,37,29
54,20,11,35,30
46,14,10,31,30
48,15,13,30,31
43,14,11,28,26
30,8,15,30,20
23,4,7,25,16
24,4,7,25,16
20,8,8,21,18
34,9,12,34,23
31,8,14,37,24
35,9,10,35,20
47,20,10,30,43
31,9,9,28,19
36,9,10,33,20
28,6,15,24,13
49,13,18,39,20
41,12,23,38,27
47,13,17,27,26
49,13,17,40,31
40,13,14,43,29
41,14,15,38,30
48,14,16,37,29
40,16,15,39,40
35,11,11,28,24
36,10,18,25,25
35,11,18,25,25
24,9,17,22,19
42,8,14,30,19
21,10,11,28,20
19,9,10,29,20
22,10,13,27,17
31,7,12,34,24
27,11,18,33,32
41,16,16,39,38
29,12,16,29,34
52,8,15,38,25
43,11,16,42,25
44,13,18,44,28
23,10,16,22,17
33,15,16,26,22
36,10,14,29,22
26,12,9,24,20
38,9,17,26,16
25,8,13,26,18
43,13,19,37,38
31,8,20,21,14
37,9,15,33,12
26,11,18,24,13
26,14,19,23,14
45,15,19,33,20
41,11,18,34,21
40,11,14,30,21
41,16,11,25,22
30,8,15,28,17
35,22,17,30,17
43,14,15,47,31
39,14,18,45,22
40,20,15,46,21
40,17,15,32,20
38,10,14,25,17
45,9,16,32,16
48,9,15,31,17
19,3,8,17,10
33,11,8,20,15
41,11,11,21,19
34,10,8,23,17
47,17,14,44,28
31,6,9,25,19
45,8,10,29,11
31,4,11,27,14
33,3,14,29,14
37,11,14,25,16
23,10,16,24,17
33,11,19,23,16
34,13,19,23,15
40,10,18,26,21
22,10,14,26,12
36,10,18,51,35
39,9,20,51,31
34,8,18,51,33
16,9,20,48,39
21,10,23,47,37
26,14,19,57,32
24,13,18,57,31
27,15,24,52,32
32,14,23,49,32
29,5,24,56,31
18,18,22,45,30
20,16,27,54,33
17,16,23,58,33
33,10,23,39,34
19,15,16,52,35
21,17,20,49,34
24,15,17,47,42
16,10,18,51,32
30,10,17,48,40
15,9,23,55,37
30,11,25,53,31
33,9,25,53,30
28,5,19,54,28
27,9,17,45,36
27,10,19,39,34
30,7,27,32,30
23,6,20,49,30
19,6,24,51,34
31,4,24,53,37
20,6,18,52,31
23,6,17,48,34
26,6,18,44,25
16,9,21,46,30
23,8,22,46,32
17,13,20,41,33
34,11,22,37,37
26,12,22,41,33
27,8,19,46,37
36,3,20,34,32
29,3,18,39,32
22,6,22,41,32
23,6,19,33,28
31,5,21,33,23
24,3,22,49,24
25,3,20,47,25
20,6,19,49,27
33,7,17,35,33
25,10,22,40,37
25,12,23,45,30
25,12,19,47,31
32,9,23,44,31
31,3,26,46,28
29,7,27,44,29
33,5,23,46,33
35,8,20,53,34
26,8,18,47,28
32,7,18,45,27
29,9,18,39,30
33,7,22,54,29
25,6,24,46,30
22,5,17,46,25
22,4,22,44,27
24,3,20,48,25
26,3,22,49,26
28,4,23,49,26
26,8,24,50,26
30,8,19,48,35
18,3,8,35,13
28,8,19,32,33
27,6,5,19,10
25,6,6,19,12
38,5,10,24,10
37,3,7,25,8
29,4,10,24,10
34,3,18,26,13
38,4,18,24,13
31,2,9,26,13
32,1,10,22,19
27,2,9,21,10
19,10,22,32,28
25,3,10,24,11
30,2,10,22,14
24,0,11,24,15
29,2,12,22,8
27,2,12,20,8
26,4,11,16,14
19,2,15,20,14
36,1,15,22,11
34,0,14,19,8
27,4,9,17,13
30,10,21,40,23
25,4,12,13,13
20,1,13,18,9
18,2,6,16,13
15,1,5,22,17
21,2,11,15,14
17,2,9,20,9
10,1,6,16,11
12,4,9,14,17
26,5,6,19,14
19,5,8,16,13
25,13,24,33,26
20,5,6,18,12
22,3,7,15,9
26,2,7,14,15
16,4,6,15,12
25,2,10,16,17
30,5,12,17,14
34,5,9,21,14
29,5,9,22,11
37,4,6,10,19
28,5,8,16,17
22,14,19,40,32
31,9,20,32,28
35,4,9,22,14
24,7,12,19,18
19,3,8,23,19
26,5,8,17,22
17,2,9,18,13
21,3,10,22,15
24,3,12,22,12
23,5,14,21,12
26,7,11,23,11
30,4,13,25,13
33,15,18,32,31
16,2,10,21,20
13,5,9,17,18
14,10,6,20,12
14,4,6,14,5
25,1,6,13,12
18,1,8,7,14
16,0,6,8,15
16,2,3,17,10
24,4,5,10,12
31,4,3,14,15
32,7,21,27,27
32,4,2,11,22
28,4,3,20,10
31,1,6,18,11
26,2,5,25,10
31,2,5,22,9
26,2,5,17,8
29,1,5,21,8
22,1,4,19,5
25,4,4,16,5
19,2,9,21,8
25,11,18,28,27
59,6,20,37,15
57,4,19,33,18
52,5,19,36,22
48,3,17,28,18
47,6,16,35,21
50,5,20,39,28
41,7,19,37,21
31,6,19,41,22
32,3,23,39,28
35,5,21,51,29
32,10,22,28,23
42,4,20,40,28
35,3,20,36,28
38,6,18,38,30
43,6,19,33,29
29,3,17,39,28
27,3,18,39,32
33,7,16,30,32
33,3,16,38,24
30,2,19,31,28
32,1,18,31,24
26,6,19,30,28
31,3,15,28,26
41,1,12,38,19
41,2,12,32,21
39,0,13,34,23
38,2,17,36,21
37,3,19,32,27
35,1,19,27,25
29,0,20,24,27
28,1,11,28,23
23,2,15,22,22
24,7,20,31,25
32,2,16,31,25
34,2,21,26,19
40,1,15,26,18
38,3,11,23,24
30,6,17,30,16
19,4,16,26,22
19,5,14,29,20
29,0,14,27,24
28,3,11,26,17
25,2,14,29,14
29,10,17,27,28
26,2,13,29,12
26,7,17,35,24
23,8,18,33,23
35,17,25,36,28
30,8,16,34,23
38,10,20,41,30
37,13,19,34,36
32,9,19,45,27
36,10,19,44,33
33,10,14,32,27
43,7,17,37,20
38,9,18,40,23
32,8,16,36,24
37,9,18,48,24
31,10,25,35,23
24,15,19,39,23
39,9,16,45,34
44,10,14,43,31
30,9,18,42,28
32,5,14,42,26
34,6,13,43,27
30,7,15,44,31
29,5,19,40,31
35,10,13,30,26
30,6,15,34,32
29,7,25,33,27
27,4,16,38,30
31,8,16,30,33
34,9,16,35,29
35,7,18,33,36
39,8,20,37,33
29,6,18,36,30
37,5,16,37,36
34,7,20,34,25
32,10,20,33,29
32,9,20,39,28
35,17,20,38,36
44,6,20,41,28
41,9,27,39,32
39,10,22,49,27
40,13,22,46,25
34,8,22,44,34
33,11,22,40,29
39,8,18,49,32
37,7,17,52,32
33,8,18,48,26
32,9,26,39,29
28,13,20,35,35
30,8,19,43,31
31,9,24,54,32
36,3,21,48,31
32,7,17,43,28
32,5,24,53,33
34,10,18,42,31
30,9,25,42,31
35,5,23,46,33
32,8,23,33,29
28,6,23,37,28
28,12,24,47,32
25,6,24,42,28
42,9,17,49,28
33,11,22,41,31
27,13,24,40,39
32,15,25,42,36
33,13,21,36,27
27,11,19,40,35
28,10,23,49,35
24,9,23,46,38
27,8,17,50,32
35,14,21,46,31
32,9,11,49,35
28,3,15,56,25
23,4,16,58,25
24,2,15,51,26
31,4,13,42,24
30,4,15,44,28
31,4,18,47,31
28,7,16,46,26
22,5,24,45,35
29,5,20,52,36
10,52,25,22,42
13,48,24,21,44
11,41,22,28,48
9,43,26,37,35
8,41,30,30,41
8,42,30,30,41
8,43,29,30,40
10,42,26,30,42
10,42,26,30,42
11,42,27,30,40
11,42,27,30,40
11,42,27,30,40
11,41,26,29,43
9,43,22,33,43
11,41,26,29,43
14,44,20,33,39
14,44,20,33,39
14,44,20,33,39
10,40,25,37,38
9,43,27,34,38
10,46,24,32,38
10,47,25,31,37
10,47,25,31,37
8,47,27,25,43
9,43,22,33,44
8,48,27,25,42
13,38,29,31,39
14,37,28,32,39
14,37,27,32,40
11,49,20,27,43
12,49,20,27,43
9,60,23,29,29
9,60,23,29,29
9,60,23,30,29
10,48,20,32,40
10,43,21,33,43
10,48,20,32,40
5,47,22,34,44
5,46,21,34,44
5,46,21,34,44
9,47,24,28,43
11,43,22,31,43
15,41,23,28,43
16,41,23,27,43
15,40,23,27,45
10,40,28,26,46
12,42,26,26,44
10,39,28,27,46
11,38,24,29,48
11,38,24,29,48
10,38,25,29,48
11,41,22,32,44
11,41,22,32,44
6,38,22,38,46
6,38,22,38,46
6,38,22,38,46
6,32,22,40,51
13,42,25,27,43
7,39,22,34,48
7,42,24,35,42
7,43,24,34,42
7,43,24,34,42
9,39,24,33,45
9,40,23,34,45
11,45,26,30,38
11,45,26,30,38
12,42,26,32,38
8,45,28,26,43
9,42,28,28,43
8,45,28,26,43
7,42,26,33,44
8,42,26,33,44
8,41,26,33,44
5,46,24,31,44
6,45,25,30,44
6,43,28,30,43
7,44,28,28,43
6,45,28,29,42
4,47,20,31,48
9,42,28,28,43
4,47,20,31,48
10,51,30,27,32
12,51,29,27,32
9,51,30,27,33
8,56,21,28,37
8,56,21,28,37
7,51,26,22,44
7,51,26,22,44
7,51,26,22,44
5,49,22,30,44
9,42,28,28,43
7,47,20,34,42
9,49,26,25,41
9,49,25,25,42
11,48,26,23,42
8,48,25,28,41
8,49,24,28,41
13,50,23,22,42
13,50,23,22,42
14,49,23,22,42
8,53,21,27,42
9,40,30,30,41
8,53,21,27,42
10,54,23,29,34
10,55,23,28,34
10,54,23,30,34
9,43,25,39,34
9,43,25,36,37
10,42,28,31,39
8,42,28,32,40
8,42,28,32,40
14,38,30,36,32
13,48,24,21,44
9,41,30,30,40
14,37,31,34,35
11,44,27,31,37
11,44,27,31,37
12,44,27,31,36
15,37,28,32,38
15,37,28,32,38
8,39,31,32,41
8,39,31,31,41
8,39,31,31,41
7,40,32,35,36
8,50,26,25,41
9,41,29,37,34
10,49,30,25,36
8,48,32,25,37
8,48,32,25,37
10,37,31,34,38
11,37,30,34,38
6,51,27,29,37
7,51,27,29,36
7,51,27,29,36
9,49,26,26,40
8,50,26,25,41
9,50,26,26,39
13,43,33,25,37
13,43,33,25,36
12,41,34,26,37
8,41,27,28,46
8,41,27,28,46
13,40,27,28,42
13,40,27,28,42
13,40,27,28,42
11,51,25,24,40
9,48,26,26,41
11,51,25,24,40
12,46,27,26,39
12,44,27,29,38
11,48,26,28,38
6,53,26,22,43
5,53,27,22,43
9,44,35,19,43
9,44,35,19,43
9,44,35,19,43
8,47,24,29,42
10,47,22,29,42
8,47,25,29,41
4,44,27,35,40
4,44,27,35,40
4,44,27,35,40
5,54,26,28,37
4,49,26,29,42
3,45,27,26,49
3,45,28,26,48
3,45,30,24,48
5,54,25,24,43
10,48,22,28,42
5,53,24,25,43
10,38,27,34,41
10,38,26,35,42
10,38,26,34,42
6,42,30,35,37
6,42,30,35,37
7,43,30,31,41
7,43,30,31,41
7,43,30,29,41
6,44,31,28,41
11,43,28,22,46
4,47,30,23,46
4,48,22,33,43
4,50,19,32,45
4,50,20,32,44
4,42,30,33,41
4,42,29,32,43
5,45,27,30,43
5,45,27,30,43
5,47,26,30,42
6,39,31,27,47
11,43,28,22,46
6,39,31,27,47
10,50,16,30,44
10,50,16,30,44
10,50,16,30,44
4,46,24,33,43
4,46,20,38,42
7,40,27,35,41
7,40,27,35,41
7,40,27,35,41
10,36,32,28,44
11,43,28,22,46
10,36,32,27,46
6,42,34,25,43
6,42,34,26,42
6,42,33,26,44
3,43,31,28,46
3,43,31,28,46
9,51,21,25,44
9,51,20,25,45
9,51,20,25,45
6,47,28,25,44
7,43,29,23,48
7,41,28,30,45
4,46,25,29,46
4,46,25,29,46
4,48,25,28,46
6,39,30,35,40
6,40,30,33,41
6,38,34,30,42
6,38,33,30,43
6,38,33,30,43
4,42,29,29,46
14,48,23,21,44
7,42,27,27,47
3,44,26,37,41
3,47,27,30,43
3,47,27,30,43
3,47,27,30,43
6,47,26,25,48
7,48,25,26,44
13,41,25,26,45
13,40,26,25,46
13,40,26,25,46
10,43,28,18,51
8,40,28,27,47
10,44,28,18,51
9,38,30,31,42
9,38,30,31,42
9,40,29,31,41
4,44,29,32,41
4,44,29,32,41
8,45,27,28,42
8,45,27,28,42
8,45,28,29,41
7,38,27,38,40
8,41,26,28,47
7,38,27,38,40
5,43,24,36,42
5,43,24,36,42
5,43,24,36,42
3,44,27,38,38
3,42,27,38,40
6,37,27,39,41
7,38,29,37,40
5,39,29,36,41
8,41,26,28,47
13,44,27,22,44
12,44,27,23,44
8,38,32,31,42
8,40,31,29,42
8,40,31,29,43
10,55,25,28,32
11,45,22,29,43
10,55,24,29,32
10,46,23,29,42
10,46,23,29,42
10,46,24,28,42
11,53,21,25,40
11,53,21,25,40
12,49,23,26,41
12,49,23,26,41
11,46,23,26,44
9,47,22,32,40
8,45,21,31,45
9,47,22,32,40
13,41,25,30,41
14,41,25,29,41
14,41,25,29,41
9,42,21,31,47
10,40,22,31,47
8,41,25,30,47
7,42,25,30,46
7,42,25,30,46
8,38,32,31,42
13,40,23,29,45
8,38,32,31,41
12,40,27,25,46
12,39,27,26,46
12,40,27,25,46
9,43,21,36,41
9,43,21,36,41
12,45,23,27,43
12,45,23,27,43
11,45,23,27,44
11,49,22,31,37
13,42,22,29,45
12,47,22,31,38
10,42,27,32,40
11,44,23,34,38
11,44,23,34,38
10,45,23,34,38
10,45,23,33,39
8,46,23,32,41
8,46,23,32,41
8,44,24,32,42
10,41,24,38,37
13,42,22,29,45
10,41,24,38,37
9,47,20,37,37
9,47,20,37,37
9,47,20,37,37
13,46,22,27,42
14,41,24,24,47
11,41,22,29,47
12,42,23,29,44
12,42,23,28,45
4,56,25,25,40
12,45,21,25,47
4,55,24,27,40
11,43,25,36,36
11,43,24,36,36
11,43,25,36,36
7,42,29,32,42
7,42,29,32,42
10,39,23,38,40
10,39,23,38,40
10,39,23,38,40
10,44,22,38,36
37,15,25,37,36
42,13,21,37,37
42,18,16,33,41
46,28,19,34,23
52,22,20,29,27
45,18,22,38,27
38,20,21,36,35
55,11,22,28,34
42,22,23,32,31
47,18,26,31,28
41,25,25,31,28
43,26,21,34,26
46,19,23,27,35
38,20,16,35,41
51,21,25,26,27
42,20,29,33,27
46,22,25,35,22
54,23,19,32,22
38,29,24,37,22
40,23,22,37,28
44,22,23,35,26
47,22,25,30,27
49,23,28,28,22
50,22,19,28,32
38,23,16,33,40
42,29,22,27,30
34,27,28,28,33
33,32,24,33,28
38,25,24,33,30
40,32,25,31,23
42,29,26,30,23
26,31,23,39,31
34,32,22,28,34
34,25,28,33,31
35,17,28,36,34
35,24,16,37,38
34,23,26,38,29
33,27,27,28,35
40,21,24,33,32
42,19,24,35,30
43,22,25,26,35
41,23,26,30,30
46,28,21,27,28
56,17,21,29,27
55,19,21,26,29
48,25,25,20,32
38,26,21,33,32
53,23,25,23,26
55,20,29,21,25
56,28,19,23,24
57,23,22,21,27
45,22,26,26,31
48,27,16,27,33
44,29,17,27,33
46,28,22,25,29
47,27,24,22,30
55,25,19,25,26
33,28,20,32,37
45,28,21,28,28
48,25,22,30,25
44,34,23,28,21
46,33,18,25,28
50,30,21,21,28
49,29,17,29,26
48,31,18,27,26
53,31,16,22,28
52,30,17,21,30
52,34,19,19,27
36,24,22,29,39
49,33,15,24,29
48,30,11,15,25
56,35,18,22,19
37,29,18,18,23
34,34,17,21,17
50,34,15,24,26
32,30,16,23,12
39,41,15,35,20
35,33,15,34,21
48,25,10,26,22
41,21,19,33,36
56,32,12,21,19
40,34,14,21,26
47,22,17,29,31
53,32,16,22,28
50,24,14,21,19
45,23,17,28,20
55,27,14,27,27
50,23,12,22,17
61,26,13,19,24
60,34,14,20,22
40,25,19,31,35
48,28,8,18,22
46,25,18,23,25
46,26,15,25,30
44,28,14,24,24
47,29,17,26,23
53,33,10,21,23
52,29,10,22,14
56,24,9,22,13
50,37,9,21,17
52,32,12,23,14
36,19,28,35,33
53,34,16,24,23
46,31,13,15,13
45,26,16,21,17
48,26,11,23,22
40,25,11,24,21
43,22,11,25,19
58,26,14,26,22
56,34,9,22,21
55,31,13,25,20
57,34,15,23,21
43,23,21,38,25
31,18,25,37,39
48,28,12,25,22
54,28,15,21,21
59,32,15,22,22
47,26,15,27,22
53,29,15,29,21
59,26,17,25,23
50,22,16,27,25
56,23,19,31,21
56,29,17,24,24
59,25,13,29,24
42,21,23,32,32
37,17,26,40,30
30,25,25,36,35
31,22,21,37,39
32,20,28,33,37
37,24,19,32,38
48,19,20,36,27
46,17,28,40,19
49,23,23,30,25
41,24,21,36,28
53,21,21,35,21
48,23,19,34,26
51,21,19,37,22
44,19,26,33,28
37,15,23,38,38
57,17,23,30,23
46,17,17,32,38
53,20,14,29,34
53,24,13,29,31
50,32,12,33,23
50,28,18,32,22
52,31,18,24,25
54,23,19,30,24
54,33,19,21,23
50,30,17,26,28
39,18,22,33,38
46,31,19,29,26
48,28,23,27,24
44,26,25,25,30
41,33,22,20,34
41,24,25,25,27
42,27,21,25,31
42,25,28,22,30
43,32,24,20,31
44,27,24,24,31
41,29,30,24,26
33,22,19,36,40
34,27,24,23,27
36,29,29,29,27
41,25,19,32,30
44,22,19,27,31
44,29,23,28,26
38,24,22,30,31
40,27,17,26,26
43,25,22,22,34
38,24,20,26,32
36,22,18,20,31
43,18,23,30,36
37,31,20,29,33
39,19,17,24,25
39,21,21,25,26
49,21,15,25,28
38,17,14,29,24
45,15,20,32,31
46,25,17,31,26
36,23,19,25,21
41,20,16,35,25
41,32,17,36,24
34,19,20,37,40
38,32,14,36,19
33,23,17,37,24
39,32,15,33,22
37,25,16,26,24
32,28,12,24,19
50,29,16,24,31
34,21,18,29,30
41,19,15,22,30
47,31,18,26,28
45,27,11,27,28
45,18,19,28,40
38,22,13,20,29
46,23,17,34,30
45,18,17,36,32
45,20,15,34,36
47,22,16,28,37
39,21,15,26,30
39,21,17,28,30
44,24,23,30,29
41,21,18,37,28
47,23,20,32,28
46,20,18,26,40
48,31,22,20,29
40,24,18,27,29
50,30,18,26,26
52,28,16,33,21
54,23,23,28,22
42,25,18,35,30
46,16,22,34,32
51,21,15,35,28
53,19,21,36,21
47,22,23,34,24
57,15,16,39,23
54,16,19,35,27
64,12,17,40,18
59,16,15,31,29
55,18,16,34,27
59,16,19,27,29
60,16,17,35,22
69,16,15,26,24
54,17,22,36,21
56,13,19,41,22
56,10,20,39,25
53,18,22,35,22
55,20,17,36,22
57,15,16,39,23
57,21,17,29,26
55,23,15,31,26
65,12,19,36,18
42,26,20,23,40
42,42,17,16,33
61,26,15,17,32
41,43,15,17,34
41,35,21,24,29
38,35,18,22,37
47,33,15,27,28
64,16,17,34,19
34,43,16,24,34
48,32,15,21,34
36,43,14,14,43
34,42,18,19,37
31,37,16,28,38
37,26,14,20,53
32,34,20,20,45
41,35,15,14,45
34,35,13,18,50
34,42,11,19,44
57,21,19,32,21
37,36,13,23,41
44,41,10,21,34
47,32,15,24,32
59,35,12,17,28
58,35,9,16,32
60,32,10,16,32
39,39,16,25,31
41,41,18,20,30
39,34,20,19,38
57,31,16,10,37
55,23,16,32,24
56,30,15,15,34
50,29,12,20,39
40,38,16,19,37
50,33,16,13,38
54,26,17,16,37
59,29,16,9,37
51,30,12,17,40
49,32,14,16,39
43,38,14,22,34
46,40,14,17,33
62,14,20,39,15
42,38,12,24,35
46,31,11,25,37
39,45,8,25,33
47,40,14,19,30
48,44,8,25,26
52,36,7,20,36
45,44,11,16,34
50,45,6,19,30
40,43,6,20,41
46,38,6,21,39
53,24,21,37,15
52,24,8,23,44
41,38,10,23,38
42,41,8,22,37
49,30,9,20,42
52,31,8,20,39
54,39,7,20,30
55,29,12,19,35
42,39,10,18,41
52,30,13,18,37
50,32,12,24,32
64,19,20,30,17
59,27,9,25,30
59,29,10,17,35
45,31,12,25,38
57,32,9,20,32
60,36,12,14,29
54,37,9,20,30
53,38,12,15,32
52,38,13,14,33
39,44,11,15,41
47,37,11,15,40
66,21,16,34,13
53,36,9,17,36
58,33,10,19,30
60,37,8,11,34
59,44,8,15,24
54,38,10,18,31
67,38,7,15,23
56,42,12,14,26
52,38,12,20,29
53,35,10,18,34
58,36,9,12,35
57,20,21,36,16
79,34,6,12,19
53,36,8,19,34
58,49,6,14,24
62,34,7,20,28
69,37,9,12,23
58,38,8,15,31
58,35,7,12,38
62,35,7,19,27
71,36,5,18,20
69,44,8,8,21
56,16,24,28,27
62,25,13,33,17
66,32,6,18,28
56,37,7,13,37
51,40,9,13,37
49,46,3,19,33
53,37,6,20,34
63,23,18,31,16
63,14,19,37,17
57,17,22,35,19
67,11,18,36,18
55,26,22,31,16
58,19,19,37,17
63,17,21,34,15
60,13,17,37,23
67,17,19,29,18
54,15,15,40,27
67,16,17,32,18
72,12,16,32,18
63,21,16,31,19
66,19,17,31,17
56,18,22,38,16
54,21,22,36,17
54,24,19,35,18
51,17,17,42,23
53,23,18,37,19
55,20,20,39,16
61,18,21,26,24
57,24,17,34,18
61,19,17,32,21
56,27,23,25,19
53,23,18,34,23
56,26,16,27,25
58,18,22,33,19
53,22,21,34,20
43,26,22,36,24
63,22,20,30,15
54,25,21,29,21
53,18,19,36,24
47,23,23,35,22
52,17,20,38,23
52,23,17,35,23
55,23,20,30,22
53,25,20,31,21
59,22,21,25,23
61,24,19,23,23
49,28,20,32,21
54,18,23,35,20
61,12,20,32,25
61,19,14,30,26
56,14,18,37,25
56,19,20,31,24
59,17,20,32,24
59,21,20,34,16
61,11,22,34,22
62,18,20,30,20
58,14,28,29,21
52,18,18,41,21
49,17,23,38,23
57,15,22,31,25
56,17,18,35,24
57,9,20,39,25
58,18,22,31,21
74,20,16,32,10
68,17,17,32,16
62,14,17,39,18
54,26,17,33,20
49,21,22,31,27
60,16,27,29,18
65,17,29,21,18
63,16,25,28,19
54,13,20,35,28
61,13,22,30,24
63,17,27,21,22
64,17,18,28,23
60,13,19,33,25
58,18,20,29,25
52,17,23,33,25
47,19,21,35,28
59,20,20,21,30
51,26,21,28,24
61,19,22,25,23
66,17,18,29,21
56,20,20,24,30
56,19,23,26,26
61,18,23,24,25
58,19,26,20,27
50,16,24,35,25
63,18,12,33,25
56,16,11,37,30
58,17,12,37,26
58,14,12,37,29
61,15,10,35,29
41,23,17,19,50
39,24,17,24,46
28,38,16,21,48
26,31,23,20,50
29,32,20,23,47
35,28,22,27,38
40,20,22,20,48
43,20,22,25,40
35,21,24,19,51
38,28,24,22,38
41,20,23,21,45
42,18,24,26,40
44,17,24,23,42
28,39,16,26,41
42,20,19,28,41
41,18,20,27,44
51,21,23,18,37
35,18,24,24,49
32,18,22,29,49
29,16,26,31,48
40,13,27,31,39
40,16,21,28,45
45,15,19,35,37
43,30,19,30,28
35,34,19,25,37
45,29,20,25,31
46,34,16,28,26
41,27,20,33,29
44,31,19,30,27
48,25,19,29,29
45,35,17,25,28
41,33,21,27,28
41,38,14,29,28
40,28,25,24,33
40,31,18,25,36
51,38,13,21,28
53,29,19,16,33
45,37,20,20,28
44,34,19,24,29
48,24,19,31,28
45,30,23,23,29
49,28,20,23,30
46,27,18,27,32
48,27,21,29,26
43,27,21,28,32
56,25,17,25,27
37,39,15,18,41
51,27,18,26,28
49,26,24,20,31
54,25,24,21,26
58,26,16,25,25
55,27,19,16,33
60,27,17,23,23
44,28,24,26,28
48,34,19,23,26
51,20,19,28,32
47,30,20,28,25
42,41,10,19,38
47,30,20,25,28
34,35,23,31,27
34,31,24,33,28
39,33,20,29,29
34,29,23,33,31
32,37,22,31,28
34,28,24,37,27
39,32,25,29,25
35,34,18,35,28
39,34,27,28,22
47,50,7,19,27
35,38,22,33,22
43,36,19,27,25
48,31,26,27,18
40,36,24,28,22
37,38,23,25,27
40,36,22,19,33
43,37,19,19,32
42,40,23,24,21
41,41,25,19,24
43,38,23,22,24
29,39,13,15,55
42,27,21,35,25
43,30,26,22,30
42,37,23,24,24
48,29,27,23,23
53,29,24,26,18
46,31,21,30,22
47,32,27,22,22
49,27,21,25,28
49,29,25,26,21
55,28,19,28,20
42,41,12,18,37
45,30,26,24,25
45,31,24,22,28
40,31,31,25,24
45,31,26,23,25
40,28,24,30,28
50,21,24,31,24
49,22,22,28,29
42,28,23,31,26
42,35,23,29,21
45,36,23,28,18
50,38,14,15,33
42,34,23,26,26
42,35,23,28,22
42,30,24,28,26
42,33,25,27,23
40,32,20,28,30
32,39,25,28,26
39,28,27,30,26
31,38,25,28,28
47,36,21,29,17
35,32,20,32,31
40,27,17,27,39
28,48,16,15,43
41,30,21,30,28
49,28,24,20,29
44,28,20,28,30
46,31,23,25,25
39,33,24,26,29
41,33,24,23,29
24,33,16,28,49
26,39,13,27,45
23,41,15,38,34
24,38,16,31,41
38,34,16,26,36
26,41,14,29,40
27,42,12,28,41
25,34,16,35,40
21,39,12,33,46
24,44,11,32,39
21,43,14,34,38
31,31,15,32,42
20,30,15,39,47
23,32,12,36,47
21,34,14,37,45
37,30,11,35,37
26,24,20,35,45
24,29,18,37,42
28,30,15,21,56
39,37,18,20,36
27,31,21,19,53
23,27,22,21,57
28,33,22,23,44
29,33,21,24,43
33,28,29,21,40
49,22,17,21,41
26,28,24,29,43
38,32,16,18,46
28,32,24,26,40
30,35,24,25,36
31,35,21,19,44
37,35,21,22,35
32,34,23,22,40
22,35,28,30,35
22,36,22,31,39
21,36,30,30,33
32,26,15,30,48
19,39,27,29,36
26,41,23,22,38
25,43,19,23,40
24,36,21,26,43
25,36,23,33,33
30,33,25,26,36
27,45,17,24,38
30,32,20,25,43
27,39,25,33,26
22,33,23,35,37
35,35,13,27,40
23,38,19,32,38
28,23,22,33,44
37,24,16,32,41
28,24,19,31,48
26,31,21,31,42
25,33,13,36,43
26,26,18,27,53
26,21,17,36,50
28,27,18,29,48
28,22,21,42,37
34,28,15,31,42
26,22,22,40,41
19,26,22,34,49
31,26,21,32,40
28,26,22,32,42
25,26,22,29,48
32,25,22,31,40
37,24,20,32,37
30,27,20,34,39
27,27,21,32,43
24,23,22,32,49
33,30,18,29,40
32,21,23,42,32
26,24,15,34,51
26,26,23,31,45
31,28,21,32,38
39,21,24,40,26
33,22,21,38,36
29,28,21,33,40
24,24,24,33,45
20,31,30,26,43
22,32,22,27,47
37,30,19,29,36
23,31,22,26,48
17,29,24,27,53
18,33,25,31,43
19,28,28,34,42
19,27,28,35,41
20,35,25,26,44
17,24,27,33,49
22,27,27,32,42
16,36,26,28,44
19,31,21,33,46
38,23,20,27,42
20,31,25,28,46
21,31,23,32,43
17,30,25,31,47
21,35,23,22,49
20,36,24,24,46
18,29,24,23,56
21,26,20,27,56
31,32,16,24,47
30,24,18,33,45
30,28,18,33,41
15,31,26,35,43
21,27,31,30,41
16,24,41,32,37
13,25,25,44,43
15,23,24,49,39
11,25,27,44,43
14,34,30,33,39
16,32,26,36,40
21,31,31,31,36
18,34,29,29,40
25,28,33,27,37
25,23,28,44,30
27,25,24,39,35
19,27,33,41,30
22,25,22,35,46
22,25,21,34,48
18,24,27,39,42
15,23,33,46,33
15,20,33,50,32
27,17,28,46,32
20,25,33,42,30
21,27,29,43,32
17,24,32,43,34
15,26,26,46,37
23,27,29,39,33
44,21,19,29,37
41,22,25,30,32
34,21,23,32,40
37,20,21,31,41
36,16,24,37,37
31,19,34,34,33
31,24,30,28,37
36,23,24,32,35
31,20,32,35,32
33,27,27,33,30
20,28,34,32,36
34,20,31,35,30
36,18,25,36,35
34,27,24,32,33
32,29,26,33,31
37,28,26,25,35
29,28,26,37,30
30,23,28,37,32
30,32,28,29,31
37,23,31,27,32
33,20,31,33,33
19,21,34,36,40
30,17,29,35,39
30,27,28,29,36
27,22,30,32,39
28,24,35,32,31
35,30,29,25,31
33,25,30,24,38
31,24,24,39,32
29,26,23,35,37
27,31,22,33,37
24,28,30,31,37
28,17,34,37,34
26,34,24,32,35
24,31,27,38,30
27,27,25,36,35
25,29,28,32,37
29,25,28,28,40
25,24,39,29,33
21,25,40,27,37
25,29,34,31,31
21,20,36,33,40
26,17,39,33,35
22,23,40,35,30
22,18,37,36,37
21,26,35,42,26
19,22,40,39,31
18,18,41,40,33
19,22,33,42,34
20,28,36,34,32
20,26,28,34,42
22,22,36,40,30
18,28,37,42,25
17,18,41,33,41
18,20,37,39,36
19,26,35,39,31
24,24,35,37,30
27,29,33,32,29
17,26,34,40,34
25,24,36,37,30
21,25,29,33,42
22,21,38,28,41
24,24,28,39,35
19,26,32,31,42
20,25,35,32,38
14,24,38,42,32
16,31,34,28,41
20,24,37,36,33
22,27,30,38,33
21,33,31,30,35
12,25,32,37,44
27,26,29,36,32
14,28,32,44,32
18,34,25,36,37
13,21,30,41,45
17,23,36,36,38
17,25,35,30,43
12,27,31,45,35
12,27,37,43,31
15,26,34,34,41
14,30,31,39,36
11,27,30,34,48
18,27,32,31,42
14,18,34,43,41
13,25,36,39,37
19,16,38,34,43
10,31,31,39,39
11,26,36,33,44
19,23,24,42,42
14,30,25,39,42
19,25,27,39,40
20,25,27,35,43
15,20,28,42,45
20,28,29,35,38
20,27,28,35,40
18,30,25,36,41
19,21,28,34,48
15,24,27,41,43
18,29,27,36,40
17,25,27,41,40
12,22,33,35,48
22,26,32,37,33
15,21,33,39,43
14,26,36,38,36
22,27,29,35,37
18,24,30,35,43
18,25,32,36,39
11,28,28,40,43
18,23,26,38,45
15,21,27,33,54
17,21,28,32,52
15,24,26,30,55
15,23,30,30,53
18,31,20,33,48
15,24,32,39,40
15,27,37,30,41
19,27,25,47,32
26,25,26,36,37
21,23,20,40,46
30,22,25,37,37
26,17,22,31,34
18,20,19,32,45
20,25,24,33,48
17,24,26,40,43
20,24,36,35,35
21,26,32,35,36
20,19,34,40,37
20,25,29,40,36
24,20,32,37,37
16,26,33,37,38
15,26,26,38,45
21,25,28,37,39
18,23,34,36,39
16,20,30,43,41
15,27,26,45,37
12,21,26,50,41
12,24,28,49,37
17,29,36,38,30
16,23,30,47,34
15,26,32,40,37
12,25,35,36,42
20,28,20,41,41
17,23,25,50,35
20,22,25,45,38
21,16,21,54,38
22,27,21,45,35
17,26,26,35,46
22,24,25,36,43
17,32,32,35,34
17,21,26,43,43
19,18,30,45,38
22,19,27,43,39
19,23,23,45,40
24,26,22,45,34
20,22,26,43,40
23,28,29,38,32
21,26,22,45,36
17,22,26,41,44
18,22,26,44,40
41,32,17,13,47
43,35,13,13,46
36,37,11,10,56
26,19,28,56,22
22,10,30,52,36
24,16,29,57,24
18,19,35,49,29
24,16,26,55,29
17,17,32,61,23
16,17,33,60,24
23,19,36,47,25
24,19,29,52,26
36,40,11,12,52
39,35,12,8,57
45,26,7,10,62
35,34,10,21,50
33,29,12,19,57
42,34,11,16,47
41,29,15,23,42
38,27,14,22,49
32,32,20,18,48
43,43,14,14,36
37,27,15,23,48
34,26,12,33,45
41,33,12,24,40
48,20,14,25,43
38,15,18,33,46
24,9,8,21,18
23,10,8,21,23
32,5,10,21,22
32,35,15,27,41
21,35,16,18,60
36,37,15,16,46
27,22,13,27,62
37,33,12,22,46
29,21,7,26,67
30,24,10,25,62
35,22,5,25,63
34,37,10,16,54
32,29,15,34,40
30,30,18,31,41
39,26,14,33,38
35,25,18,37,35
42,43,13,20,33
40,34,11,29,36
35,27,11,28,49
38,23,18,24,47
39,30,19,24,38
34,27,22,36,31
34,20,24,38,34
34,15,21,36,44
36,23,18,32,41
42,20,19,24,46
36,28,18,32,36
45,40,10,25,31
20,32,15,22,61
22,31,20,17,60
19,32,21,20,59
31,24,17,21,57
23,27,19,26,55
26,23,13,33,55
20,27,15,28,60
20,22,18,31,59
11,32,16,30,61
18,24,17,29,62
39,44,8,18,42
9,33,20,26,62
14,23,20,30,63
17,28,19,23,63
16,27,22,25,61
19,31,24,26,50
19,32,24,27,49
18,31,22,26,53
22,33,22,32,41
22,27,19,32,50
29,28,21,34,39
47,39,12,18,35
30,19,22,30,49
31,26,19,27,48
29,19,25,24,53
30,20,21,37,42
23,25,23,33,46
23,22,27,43,35
31,23,23,33,40
28,18,29,40,36
23,25,30,40,32
23,19,28,44,36
36,29,17,19,49
31,26,23,38,32
29,27,21,35,38
30,22,24,37,37
29,27,22,36,36
28,30,18,27,47
29,26,22,38,36
32,27,20,36,35
30,16,21,49,35
27,25,25,40,33
29,22,17,44,38
31,29,19,13,58
25,22,22,51,30
23,19,22,49,37
29,16,21,48,37
27,18,24,47,34
27,18,24,49,32
23,17,29,52,29
25,15,31,48,31
21,16,28,58,27
21,18,37,49,25
21,17,36,52,24
9,17,34,42,48
10,17,35,43,46
18,17,37,36,43
8,13,34,40,55
9,12,32,44,53
8,17,30,47,48
7,24,30,38,52
5,20,28,46,51
8,20,34,46,42
7,15,34,44,50
9,18,32,42,49
5,14,32,46,53
5,15,33,48,49
22,11,36,35,46
6,17,32,47,48
3,18,31,48,50
8,21,34,41,47
7,16,32,46,49
5,19,34,43,50
6,14,35,49,46
8,19,31,44,48
4,21,33,43,49
6,22,34,38,50
7,20,29,51,43
14,14,39,44,39
4,20,26,52,48
6,23,30,45,46
6,19,36,41,48
7,18,37,40,48
7,32,17,41,54
12,26,22,40,50
15,33,25,33,44
17,41,22,28,43
10,26,21,36,57
7,35,22,34,53
9,13,33,47,49
12,30,18,38,52
13,23,23,47,44
13,23,19,54,42
13,24,19,54,41
10,14,25,58,43
18,24,23,50,35
11,22,24,56,37
22,19,26,52,32
11,14,17,46,28
9,19,13,43,23
7,23,22,44,54
9,26,15,39,30
11,27,19,47,35
12,20,20,38,36
12,17,24,45,45
8,18,27,41,47
14,17,31,44,44
11,23,22,49,42
21,22,30,39,38
14,23,29,41,42
15,18,25,45,47
7,18,34,45,47
18,18,19,43,52
19,19,27,42,43
15,26,19,48,42
15,18,28,43,46
22,17,20,51,40
34,22,22,39,34
21,21,15,39,32
22,9,19,33,26
14,9,10,38,22
15,7,13,29,16
10,15,30,45,50
16,8,10,26,11
18,14,11,25,9
12,14,13,27,11
18,15,11,30,15
9,11,12,31,15
17,15,12,34,22
10,14,11,35,21
16,15,7,34,22
17,14,10,23,26
12,18,7,20,30
9,17,32,48,44
15,15,13,29,20
16,15,23,33,24
13,14,20,36,28
12,15,16,34,29
15,19,12,37,27
13,21,13,32,27
9,28,13,35,30
11,21,18,32,28
11,19,14,30,31
13,21,16,27,28
13,14,30,47,46
12,22,14,41,23
8,20,24,32,28
11,29,21,42,29
16,24,23,35,23
16,32,19,43,36
12,17,32,42,48
10,23,33,38,47
11,22,39,34,44
11,15,29,43,52
11,16,30,35,58
9,22,33,40,46
11,14,27,47,51
11,16,31,44,48
16,8,34,44,48
14,8,31,50,47
17,13,32,41,47
18,13,30,46,43
20,21,28,37,45
14,16,28,51,41
16,21,27,39,47
18,19,25,48,40
17,20,26,46,41
17,22,27,38,46
9,15,28,51,48
12,12,32,46,48
14,16,29,39,52
7,20,31,44,48
8,18,26,52,46
10,16,36,47,41
12,20,22,47,49
9,22,29,55,35
12,15,30,46,47
17,12,31,41,49
11,23,27,50,39
15,21,29,46,39
10,20,31,46,43
13,15,34,42,46
12,15,40,47,38
10,21,35,45,39
9,15,29,54,43
10,26,34,45,35
16,19,35,43,37
12,19,30,51,38
10,18,29,54,39
6,14,39,50,41
17,16,32,49,36
9,16,34,55,36
8,16,35,50,41
10,14,32,55,39
11,21,34,47,37
14,18,36,39,43
10,18,33,47,42
8,13,35,48,46
9,12,36,47,46
6,16,31,46,51
7,16,36,47,45
8,17,34,52,39
9,15,36,55,35
7,15,41,43,45
8,16,37,41,48
10,13,31,46,50
20,13,30,42,45
9,19,31,40,51
8,18,31,41,52
9,16,31,37,57
11,18,31,45,45
12,15,33,41,49
12,15,33,46,44
12,17,32,35,54
10,15,37,42,47
10,13,31,47,49
12,18,38,36,46
19,13,31,38,49
10,15,40,39,46
7,17,37,42,47
9,18,35,36,52
9,17,34,38,52
10,14,35,43,48
8,17,38,35,52
10,16,39,38,48
5,16,36,47,46
7,17,42,41,43
7,18,38,42,45
19,17,25,45,44
7,21,31,46,45
8,22,35,42,43
5,19,30,45,51
5,18,33,48,46
8,16,36,45,45
5,14,39,40,52
9,15,32,43,51
4,18,33,38,57
9,13,35,45,48
7,15,29,44,55
19,38,22,29,42
16,34,27,26,47
15,34,18,38,46
12,37,32,27,42
15,38,25,35,37
18,30,26,39,37
13,36,30,29,42
9,36,37,33,35
14,42,30,20,44
13,26,30,36,45
11,37,27,23,52
9,37,24,30,50
4,46,25,30,45
25,37,13,29,46
5,42,27,34,42
10,37,28,32,43
5,41,32,36,36
7,36,34,30,43
11,28,35,35,41
13,39,26,33,40
14,40,27,35,34
15,38,24,36,37
42,21,16,40,31
22,38,20,34,37
21,33,14,34,49
27,41,14,25,43
25,41,13,26,45
33,36,13,29,39
31,29,17,30,43
31,28,21,26,44
28,37,13,33,39
30,24,15,34,47
24,35,11,36,44
21,42,16,27,44
21,38,16,37,38
21,40,13,32,45
24,34,16,27,49
30,30,12,25,53
21,32,14,35,48
30,28,16,31,45
27,28,14,30,51
32,27,19,29,43
21,27,18,29,55
20,43,13,28,46
32,25,18,34,41
29,41,14,34,32
21,34,17,33,45
29,32,15,34,40
26,32,18,32,42
28,34,17,30,41
32,27,12,38,41
36,23,17,27,47
32,30,16,28,44
30,29,15,36,40
25,35,16,29,45
23,36,22,25,44
25,44,16,23,42
23,36,19,38,34
23,35,20,30,42
20,51,19,25,38
22,39,21,29,39
20,43,20,29,40
30,35,19,31,35
25,39,16,25,48
20,37,17,31,45
25,32,19,31,43
26,43,13,27,42
24,40,12,30,45
22,25,21,41,41
26,32,20,19,53
26,44,16,16,48
29,45,19,21,36
31,51,14,21,33
24,50,19,24,33
27,42,15,27,39
22,45,18,29,36
16,24,24,36,50
24,25,19,39,43
30,26,12,42,40
16,45,19,28,42
23,27,18,39,43
25,25,16,39,45
22,23,13,43,50
21,26,14,44,45
18,25,17,48,42
21,26,16,38,49
26,23,20,40,41
24,29,22,38,37
27,20,17,46,40
26,25,17,43,39
16,31,23,33,47
30,27,18,34,41
30,33,23,31,34
27,30,20,33,40
25,28,15,39,43
24,31,15,43,37
23,26,18,41,42
23,35,13,40,40
31,29,17,29,44
22,30,17,34,47
24,35,16,31,44
13,39,18,35,46
28,44,11,32,35
34,33,14,27,42
24,45,17,22,42
24,35,21,33,37
22,45,23,27,34
26,30,19,32,43
29,27,22,32,40
27,25,25,32,41
22,30,16,39,43
30,25,16,35,44
19,40,16,31,44
28,24,16,38,45
23,26,22,29,50
26,28,21,30,45
21,31,25,31,43
25,36,16,29,44
30,29,17,29,45
36,25,20,26,43
33,33,18,23,43
37,30,18,26,39
27,49,18,21,35
17,32,23,31,47
36,32,14,29,39
37,31,10,31,41
38,34,10,28,40
45,24,19,30,32
41,32,16,28,33
40,26,17,35,32
34,38,19,26,33
38,25,24,30,33
33,29,22,35,31
40,20,25,34,31
26,28,17,33,47
39,24,22,28,37
29,33,23,26,39
25,34,25,25,41
28,30,21,32,40
24,35,19,24,48
29,37,16,26,43
25,30,19,27,49
22,40,17,30,42
15,25,15,39,56
21,38,21,27,43
19,27,23,37,44
13,37,27,29,45
14,40,19,36,41
13,43,24,32,38
25,41,19,33,32
25,37,16,28,45
29,43,18,21,39
26,41,15,28,40
37,31,16,31,35
36,32,23,29,30
38,29,21,31,31
23,27,18,31,51
17,41,19,32,41
26,33,24,30,37
30,33,16,33,38
23,34,24,29,41
16,40,18,35,41
22,36,21,33,38
12,36,27,33,42
15,43,24,27,41
15,36,21,35,43
14,36,23,34,43
31,43,11,34,31
32,37,13,33,35
17,47,15,24,47
19,55,23,20,33
21,55,19,21,34
19,56,17,27,31
20,62,19,21,28
19,53,17,23,38
20,55,19,20,36
14,47,23,25,41
20,48,25,21,36
23,56,19,19,33
21,64,12,16,37
20,44,13,21,52
25,57,14,14,40
25,61,16,17,31
24,63,15,22,26
24,55,12,25,34
22,57,13,26,32
23,66,8,22,31
23,55,15,21,36
29,54,14,20,33
28,47,12,29,35
23,54,17,19,37
18,48,14,28,42
22,62,15,16,35
19,52,22,27,30
27,52,18,25,28
27,58,17,20,28
29,54,17,21,29
27,54,15,19,35
32,57,14,18,29
33,50,19,19,29
35,48,15,22,30
37,53,18,15,27
18,50,13,29,40
31,55,22,16,26
31,57,14,26,22
32,49,18,24,27
35,54,17,26,18
33,55,16,26,20
29,59,15,28,19
29,56,12,26,27
30,53,14,26,27
32,52,17,20,29
32,57,15,21,25
18,61,10,22,39
28,55,21,22,24
28,59,15,23,25
30,60,14,23,23
30,57,18,20,25
29,56,15,24,26
34,50,10,32,25
28,53,17,33,19
30,55,11,32,22
27,44,16,35,28
24,46,19,31,30
13,58,12,29,38
23,57,15,29,26
25,47,18,32,28
24,61,15,32,18
28,58,13,25,26
25,60,11,25,29
29,58,13,26,24
25,61,9,27,28
24,62,12,28,24
31,59,10,28,23
29,68,9,23,22
16,44,20,27,43
27,60,11,26,27
23,58,9,28,32
27,60,10,23,30
18,56,12,31,33
24,59,14,20,33
28,59,14,21,28
30,65,10,23,22
25,64,8,25,29
25,57,11,24,33
31,64,10,20,25
13,48,17,28,44
26,58,11,25,30
24,59,10,26,31
26,52,12,23,37
18,55,15,28,34
25,62,10,27,26
23,57,12,24,34
24,52,11,29,34
24,59,15,23,29
27,58,12,22,31
24,61,10,20,35
22,58,14,28,29
22,61,9,23,35
24,52,11,33,30
18,53,13,29,37
21,65,11,24,29
21,63,14,25,27
19,65,14,25,27
25,66,12,19,28
24,58,12,25,32
26,62,11,25,26
24,54,9,31,32
19,40,19,34,38
20,52,11,28,40
24,56,11,28,31
25,54,18,27,26
24,56,14,25,31
24,54,11,26,35
24,48,15,28,35
29,49,11,33,28
30,52,12,27,29
24,56,13,29,29
22,51,11,36,30
33,51,10,22,34
12,47,18,31,42
19,55,18,25,33
27,54,18,26,25
22,53,20,22,33
22,64,16,31,17
24,55,17,30,24
24,51,15,25,35
22,53,15,27,33
24,41,21,33,31
20,51,14,36,29
22,47,20,31,30
20,44,20,22,45
26,47,19,26,32
30,46,21,24,29
25,48,18,24,35
27,51,15,25,33
24,45,15,28,38
26,53,14,26,31
30,51,17,24,28
28,47,17,27,31
25,55,12,27,31
25,58,10,24,33
18,47,19,31,35
25,54,11,24,36
26,56,12,23,34
20,45,16,31,38
15,43,19,33,40
11,45,15,33,46
13,43,21,32,41
20,40,17,32,41
20,36,19,34,41
19,41,17,25,49
27,42,16,29,36
18,45,16,24,47
23,52,14,20,41
22,47,11,28,42
22,45,20,26,37
18,44,23,29,36
17,58,12,33,30
12,52,12,33,41
13,55,15,30,38
18,52,9,35,36
15,57,19,22,37
35,37,11,24,44
12,43,19,36,40
14,44,19,29,44
10,48,19,41,33
15,47,15,36,37
18,46,16,37,33
11,50,15,38,36
11,46,21,31,41
16,48,19,28,39
13,43,25,34,35
15,49,25,29,32
28,42,16,31,33
19,47,21,31,32
15,49,19,32,35
20,59,17,16,38
19,54,17,24,36
16,61,17,19,37
16,68,15,18,33
15,64,12,22,38
15,73,18,15,29
12,68,13,18,39
15,59,20,19,37
26,49,15,23,37
14,62,21,12,41
14,66,17,12,41
15,66,19,11,39
14,54,18,17,47
17,60,16,16,41
15,61,14,20,40
14,65,20,17,34
18,66,15,16,35
18,65,11,18,38
18,69,11,22,30
27,38,18,26,41
16,66,13,23,32
17,58,20,22,33
14,59,21,24,32
15,66,11,19,39
17,62,15,19,37
19,58,13,21,39
17,60,17,18,38
15,59,15,21,40
19,69,13,20,29
17,64,13,22,34
21,43,11,32,43
17,66,10,26,31
19,55,20,24,32
21,61,15,17,36
18,53,15,19,45
17,55,16,20,42
17,54,20,21,39
17,57,15,16,46
20,63,11,18,38
16,55,19,22,38
20,57,24,18,31
15,41,16,33,45
17,53,21,25,34
20,63,18,24,25
21,63,14,27,25
25,61,18,18,28
25,49,25,19,32
23,55,27,17,28
19,56,26,20,29
25,53,16,22,34
22,56,19,24,29
24,57,16,20,33
23,48,17,28,34
27,38,17,30,38
29,44,18,32,27
24,41,22,27,36
21,33,10,41,34
37,32,18,26,32
21,30,14,31,29
26,31,11,24,29
16,22,14,30,16
15,27,15,33,20
20,35,14,31,35
11,26,15,27,30
16,51,15,28,40
26,37,21,37,29
12,62,14,31,31
28,52,11,27,32
23,56,20,18,33
18,57,15,22,38
17,52,16,28,37
11,55,13,39,32
21,53,13,27,35
19,47,15,23,32
5,37,13,19,27
31,37,14,28,40
31,36,19,34,31
35,48,10,15,42
14,40,13,32,29
26,49,12,28,35
25,46,15,30,34
28,41,12,30,39
28,42,14,28,38
23,49,10,33,35
22,46,14,36,32
21,55,15,32,27
35,35,18,31,31
19,44,20,36,31
29,41,18,33,29
11,38,14,28,30
30,36,16,29,39
27,44,16,34,29
30,46,14,30,30
17,50,19,29,35
15,50,13,22,32
28,49,10,29,34
24,40,9,25,32
27,47,20,21,35
32,33,19,32,34
26,44,13,26,41
12,27,15,22,24
15,42,14,23,23
11,41,10,19,26
22,55,16,21,32
12,35,13,20,21
5,24,6,20,19
16,61,15,25,32
15,46,10,21,29
18,50,18,22,36
26,29,25,34,36
23,53,17,25,32
16,35,13,21,24
29,45,17,22,37
22,39,9,22,37
30,35,13,28,35
26,37,20,25,27
12,34,12,30,21
24,46,17,20,34
18,29,11,17,22
13,34,13,21,16
25,31,22,38,34
9,28,13,25,26
11,27,12,8,38
18,36,16,21,31
10,33,13,13,32
27,31,23,33,34
26,29,24,36,35
30,32,22,34,32
23,33,16,35,37
25,31,18,42,34
25,37,18,35,35
24,36,26,34,30
16,36,21,35,36
22,36,17,29,32
29,37,18,35,31
20,36,20,33,41
21,34,18,34,43
29,34,14,35,38
33,30,17,32,38
23,38,19,32,38
24,39,20,29,38
30,30,20,32,38
36,31,20,34,29
36,30,17,30,37
36,32,17,33,29
32,32,18,30,35
39,39,13,26,34
32,36,11,31,40
29,35,12,28,46
37,38,16,24,35
28,38,13,38,33
22,43,21,40,24
22,43,17,34,34
32,39,16,33,30
20,36,24,39,31
24,35,23,37,31
28,37,21,34,30
34,36,21,28,31
31,35,18,32,34
27,31,21,43,28
19,33,26,40,32
23,38,25,32,32
19,34,23,40,34
26,35,21,31,37
35,36,18,32,29
23,34,22,34,37
19,32,24,27,48
19,41,18,38,34
15,42,21,33,39
24,37,20,39,30
20,41,20,37,32
18,44,22,36,30
27,39,21,33,30
27,49,19,26,30
26,40,17,32,35
27,44,20,34,25
29,37,13,39,32
22,39,18,35,37
24,48,13,33,32
17,55,15,30,33
19,43,20,37,31
16,40,17,43,34
18,34,14,42,42
13,43,22,39,33
10,21,9,16,26
10,21,11,21,28
17,23,11,27,23
24,43,17,32,35
27,25,17,34,28
37,30,14,38,31
30,38,12,39,31
32,41,10,32,35
31,40,12,33,34
31,44,15,31,30
34,35,13,37,31
27,41,17,32,33
30,40,17,32,31
30,36,16,29,29
34,42,14,30,30
22,41,21,27,39
26,38,14,28,24
22,31,16,27,25
27,43,13,22,28
21,53,17,29,30
19,45,17,28,29
34,51,15,20,26
33,35,16,37,28
29,37,17,35,32
27,40,18,34,31
29,50,16,36,19
27,41,16,42,24
23,42,18,38,29
26,45,15,37,27
21,41,11,42,35
17,59,11,36,28
23,63,8,34,22
22,47,15,35,31
24,52,13,38,23
30,38,17,35,30
32,36,13,33,36
37,42,13,28,30
24,43,17,33,33
27,38,15,32,38
23,48,17,28,34
23,41,15,28,43
24,44,13,31,38
23,35,14,44,34
19,44,21,34,32
27,33,20,33,37
29,42,20,29,30
22,40,17,34,37
24,40,22,28,37
21,41,18,32,38
21,39,17,25,48
32,32,15,32,39
30,40,15,38,27
20,38,19,31,42
27,41,13,32,37
19,52,20,28,32
21,45,22,28,35
32,50,19,25,24
24,38,19,33,36
25,41,20,34,31
25,41,19,35,30
19,45,22,31,33
18,49,20,32,31
17,57,21,25,30
16,46,24,32,32
24,52,23,24,27
27,29,23,25,47
30,29,25,24,42
26,51,21,26,27
27,41,17,28,37
23,39,18,30,40
25,41,18,32,34
24,50,16,26,34
25,50,16,25,34
23,48,18,32,29
21,39,23,32,35
34,30,19,36,31
29,20,22,39,36
21,38,27,33,31
30,45,21,26,28
21,40,16,34,39
17,49,14,36,34
17,52,14,30,37
14,44,19,29,45
18,40,15,35,42
21,44,23,22,40
18,45,19,24,44
34,34,21,27,34
31,42,16,30,31
21,46,22,29,33
24,51,13,19,43
29,50,7,17,48
27,43,8,21,51
26,55,6,20,43
26,58,12,16,38
28,48,14,24,37
21,52,17,23,37
20,49,14,21,46
21,52,13,25,39
22,47,17,27,37
27,51,11,25,36
20,47,14,32,37
20,54,16,28,32
28,50,7,21,44
23,57,11,24,35
21,59,12,29,29
16,52,17,22,44
12,54,13,23,48
17,50,16,23,44
14,61,11,32,32
15,58,11,24,42
12,57,15,23,43
14,52,16,27,41
13,57,13,30,37
26,55,10,20,39
14,70,12,23,31
17,57,13,26,37
12,70,12,20,36
12,47,20,25,46
33,40,14,30,34
20,43,19,31,37
17,51,18,30,35
27,46,17,29,32
25,49,14,33,29
23,39,17,26,45
23,54,9,23,41
23,36,22,28,41
34,35,19,33,29
40,34,16,30,30
35,31,17,35,32
28,29,20,40,33
38,19,23,42,28
45,8,22,48,27
39,9,11,23,10
35,10,11,26,18
31,34,27,26,33
27,55,6,18,44
28,42,19,28,33
31,36,20,32,31
28,30,19,29,24
29,33,20,28,23
39,22,24,31,34
27,44,18,25,36
26,43,19,27,35
30,41,15,19,45
36,40,19,22,33
32,34,18,29,37
22,55,10,20,43
32,41,19,23,36
26,53,16,24,31
25,47,26,21,31
22,61,19,20,28
29,57,21,21,22
14,57,21,24,34
23,48,19,33,27
24,52,15,27,33
22,53,18,18,39
24,50,18,21,37
28,53,4,18,47
15,47,20,27,41
27,42,18,23,40
20,52,15,24,39
30,49,13,25,33
20,47,17,30,36
23,53,21,22,31
17,56,19,22,36
21,60,17,23,29
14,59,18,24,36
25,45,20,33,27
28,47,4,22,49
41,35,16,35,23
39,32,23,33,23
35,25,25,41,24
26,44,28,28,24
20,55,22,24,29
17,48,15,33,37
23,53,14,27,33
23,48,19,26,34
25,33,24,39,29
36,33,23,28,30
28,48,6,16,52
26,39,24,27,34
31,42,22,26,29
23,49,20,28,30
20,62,24,19,27
24,54,17,20,35
17,48,17,28,40
19,55,14,22,40
14,53,18,25,40
12,57,21,21,39
18,51,16,24,42
31,47,7,16,49
18,48,16,20,48
13,39,15,40,43
20,45,16,28,41
15,44,15,35,42
14,43,20,30,43
10,37,21,30,52
10,47,17,33,43
9,39,16,36,51
8,44,24,27,47
12,37,25,34,42
33,47,9,18,43
32,49,5,19,46
13,38,21,34,44
14,38,18,35,46
18,41,13,34,44
16,34,19,38,43
21,34,17,37,42
9,32,23,39,47
11,37,22,38,42
11,42,20,30,47
12,41,20,24,53
11,41,19,31,48
30,49,8,15,48
11,30,18,31,61
13,28,20,38,51
14,39,20,34,43
18,30,15,47,40
16,25,13,48,48
14,30,18,43,45
20,34,20,38,39
18,34,14,45,37
10,33,17,41,33
12,38,17,35,42
31,42,10,18,50
13,39,18,38,42
14,38,22,40,37
12,40,22,40,36
27,52,9,17,45
24,49,11,25,41
21,51,12,22,44
25,48,7,23,47
24,52,8,20,46
32,38,10,19,51
24,43,8,25,50
29,44,5,19,53
26,42,9,28,45
31,48,8,24,39
27,50,6,23,44
27,46,13,22,42
35,43,10,22,40
29,40,13,26,43
45,19,22,29,35
54,16,19,33,27
31,40,13,21,45
26,58,10,21,35
23,49,10,23,45
29,50,12,23,36
22,44,15,20,49
43,36,10,30,31
40,41,15,24,30
24,45,9,28,44
30,45,14,26,35
24,46,12,25,43
19,54,9,26,42
27,40,10,27,46
22,50,13,26,39
26,46,6,27,45
32,42,13,26,37
28,50,12,25,35
29,43,11,20,47
33,42,10,27,38
26,41,11,16,56
33,41,9,24,43
34,55,7,17,37
38,50,10,16,36
41,31,13,29,36
46,39,14,22,30
32,46,8,22,42
50,31,17,27,25
36,42,20,27,25
34,47,12,29,28
26,47,8,25,45
29,51,5,23,42
31,45,12,24,39
38,51,8,21,32
33,45,10,24,38
32,52,9,22,35
39,48,13,25,25
32,47,7,23,41
31,51,11,23,35
35,46,8,27,34
28,45,8,28,41
33,46,9,20,42
33,49,10,24,34
28,62,10,20,30
31,53,9,22,35
35,46,8,28,33
31,48,10,21,41
26,57,11,19,38
30,55,10,20,35
28,50,11,22,39
32,50,10,23,36
26,39,10,22,53
27,42,13,24,44
29,46,10,25,40
29,42,12,24,43
28,42,11,26,43
27,43,13,28,40
22,48,14,27,39
26,49,16,24,35
29,56,4,18,43
24,48,16,21,41
22,49,14,23,42
27,44,13,22,45
29,45,11,19,47
29,42,16,26,37
27,44,14,25,40
28,39,11,32,40
28,38,10,32,42
31,47,9,21,42
25,54,11,22,38
18,31,17,37,36
10,33,20,37,43
16,35,16,33,34
14,42,16,38,40
14,41,16,40,40
7,8,3,4,6
18,16,4,15,5
18,17,4,13,5
18,20,6,15,20
14,21,15,23,23
14,22,16,22,26
12,17,8,13,6
17,34,18,32,24
15,39,15,35,31
13,36,17,22,24
12,36,12,19,27
12,35,10,21,29
11,31,10,18,27
16,30,9,23,27
15,30,11,21,25
9,27,13,17,18
12,26,13,19,19
11,24,14,19,21
8,25,13,24,24
18,40,21,42,29
13,24,11,25,23
12,25,11,22,20
9,23,6,25,17
12,23,10,26,18
11,23,10,23,18
12,25,9,25,19
12,25,8,21,20
12,26,8,19,19
13,22,7,23,15
13,21,5,28,15
12,32,11,37,29
13,20,5,26,16
16,22,8,18,16
19,28,8,22,17
17,27,9,20,18
9,18,8,20,19
17,20,8,16,14
15,18,8,15,17
11,20,5,17,16
9,20,10,20,24
13,22,8,20,22
13,30,11,38,29
14,26,8,18,13
17,21,12,19,21
18,21,12,18,17
13,20,10,21,21
15,19,8,18,20
13,16,9,18,20
14,27,8,19,24
17,23,11,16,25
18,22,10,14,21
8,30,10,14,20
20,33,14,40,26
13,27,12,19,26
12,24,8,18,23
13,28,7,15,24
20,33,9,17,24
19,33,10,15,22
13,19,9,19,17
19,20,12,18,13
19,20,13,17,14
20,26,15,16,20
22,24,13,16,23
15,29,14,45,35
19,27,16,17,20
20,35,11,21,24
29,36,17,29,31
25,36,17,27,31
29,34,19,20,32
25,33,16,20,31
27,34,14,19,29
22,30,16,21,29
32,38,10,27,31
28,31,16,23,28
14,30,15,45,33
33,38,19,32,26
31,39,21,36,21
30,37,21,36,20
33,42,15,31,26
17,34,13,38,32
14,39,15,37,25
12,34,19,38,40
14,37,16,37,23
12,26,12,39,27
13,40,12,30,30
12,34,12,29,31
17,35,19,40,31
15,32,15,29,27
15,29,15,33,26
16,42,18,39,35
13,40,11,36,32
13,39,13,36,31
16,25,13,34,34
19,38,14,35,28
9,34,17,37,32
11,34,16,37,29
18,35,13,32,35
14,37,10,34,30
14,38,10,32,34
20,47,13,35,35
12,39,16,34,33
14,38,14,31,32
19,42,17,33,33
15,29,15,35,33
16,46,14,42,23
18,42,17,42,24
21,46,15,38,30
24,42,16,35,33
21,42,15,38,34
21,39,16,45,29
22,36,17,42,31
18,34,17,40,31
23,33,16,42,35
25,36,14,35,34
19,25,14,33,31
26,38,15,39,32
22,34,11,34,25
19,24,19,31,26
20,25,18,34,24
19,35,13,32,28
19,32,15,31,26
21,35,12,29,27
23,40,16,35,36
22,44,13,34,37
21,41,14,32,42
20,39,13,34,31
19,35,15,33,46
19,35,17,27,39
17,36,14,27,40
20,36,13,33,41
20,34,11,23,38
16,27,13,28,38
21,43,18,29,39
16,41,17,33,36
16,44,15,35,40
21,38,13,33,30
15,38,14,36,38
18,47,11,33,33
16,47,10,34,36
15,43,15,41,36
20,40,14,37,29
20,40,15,35,29
19,38,15,40,36
18,36,14,39,35
20,39,13,41,36
18,24,13,23,20
25,21,17,26,29
16,36,16,38,31
18,24,18,27,27
17,28,16,28,32
25,31,19,38,29
23,31,19,38,31
19,27,20,34,26
22,28,20,40,26
19,26,18,38,25
23,26,18,27,28
18,16,13,26,18
18,20,15,29,19
19,40,12,41,33
17,28,13,22,21
17,20,20,26,24
17,23,20,27,21
15,15,11,33,21
15,21,18,31,16
13,22,16,32,19
25,28,13,37,26
16,26,13,39,34
13,29,14,36,38
14,40,20,37,37
34,22,29,26,39
38,20,29,27,36
32,21,33,26,38
35,31,27,22,35
35,26,29,21,40
36,25,26,23,42
35,33,21,24,37
33,28,25,30,34
29,30,27,28,36
31,26,28,31,34
36,34,23,29,28
42,20,30,31,27
36,20,28,31,35
40,17,36,26,31
33,25,26,34,32
38,27,23,31,31
38,25,27,30,30
39,23,23,33,32
34,23,31,27,35
36,21,26,35,32
33,29,33,24,31
32,25,31,26,36
31,21,31,28,39
31,22,37,32,28
42,21,35,18,34
33,28,29,27,33
36,29,29,22,34
30,25,27,33,35
29,24,30,33,34
29,28,32,31,30
31,25,25,28,42
31,24,32,30,34
35,18,31,32,34
32,19,33,32,34
29,24,33,25,39
42,21,34,25,29
34,23,31,28,34
32,25,34,24,35
34,28,28,26,34
33,20,29,30,38
31,22,32,29,36
32,20,31,26,41
36,25,32,27,30
38,19,28,31,35
32,28,22,34,34
25,23,28,35,39
36,22,32,29,31
31,20,25,34,40
31,21,30,33,35
31,19,28,36,36
30,24,33,28,35
34,20,31,33,32
30,20,29,36,35
35,21,22,36,36
33,24,27,33,33
35,25,24,33,33
34,23,24,34,35
31,21,36,27,35
35,26,20,36,34
33,30,25,33,29
31,29,25,33,32
31,27,24,32,38
28,35,27,28,33
34,28,27,25,36
30,33,30,25,32
28,29,30,29,34
27,29,29,32,33
24,28,30,32,36
33,20,37,29,31
30,30,25,28,37
27,23,29,32,39
27,29,29,26,39
28,27,29,25,41
27,28,30,26,39
26,28,30,29,38
25,34,29,28,34
25,27,34,32,32
30,29,29,28,34
31,31,28,25,36
35,16,39,29,31
29,30,29,25,37
27,24,30,31,39
32,22,28,30,38
35,24,26,30,36
32,23,26,31,38
24,23,30,35,38
28,21,29,35,37
31,23,29,33,34
23,25,32,33,37
28,25,27,34,37
34,17,38,27,34
26,30,27,28,39
34,27,20,25,44
28,27,24,27,44
25,33,22,29,41
29,27,27,23,44
32,23,24,28,43
35,28,26,24,37
32,30,27,25,36
26,26,26,30,42
29,28,23,27,44
34,15,41,27,33
27,30,25,27,41
32,31,20,22,45
30,30,24,26,40
25,32,19,26,48
30,27,24,28,41
32,32,21,23,43
29,29,27,25,41
32,29,24,24,41
35,24,23,32,36
35,24,23,31,38
34,20,32,27,37
36,22,37,24,32
29,28,23,25,45
28,25,24,25,48
29,34,21,26,40
33,27,22,27,41
29,31,17,29,44
28,25,23,33,41
29,25,24,34,38
28,19,22,39,42
22,26,28,40,34
19,29,22,39,41
34,23,33,21,39
27,30,21,32,40
29,27,17,36,41
32,23,24,37,35
29,26,19,34,42
26,24,17,39,44
26,25,12,44,43
27,29,16,37,41
29,29,15,35,42
28,33,16,29,44
24,29,18,36,43
41,17,31,23,38
24,25,15,38,48
33,26,21,30,41
27,22,21,31,49
26,29,18,35,42
23,31,16,32,48
23,22,21,32,52
24,27,19,31,49
39,17,33,24,38
37,26,27,27,34
38,19,29,34,30
34,23,31,29,33
40,17,30,23,40
39,21,31,22,37
33,21,33,27,36
33,26,28,21,42
39,21,29,24,37
34,28,29,27,32
34,25,31,21,39
36,18,28,29,39
38,23,26,24,39
36,24,27,29,34
36,24,28,27,35
35,24,25,32,34
33,23,29,25,40
35,24,32,21,38
44,23,30,18,35
36,25,29,21,39
40,23,30,23,34
31,27,30,23,39
37,26,29,23,35
39,20,28,18,45
35,24,29,20,42
39,22,25,30,34
37,25,26,25,37
38,24,26,25,37
35,25,24,27,39
38,21,34,20,37
39,21,31,25,34
29,27,31,26,37
36,19,29,29,37
38,23,26,27,37
34,16,27,27,46
34,18,33,23,42
38,19,29,22,42
43,20,29,24,34
43,15,31,25,36
40,17,28,28,37
35,24,34,20,37
40,20,28,22,40
38,17,26,31,38
33,14,28,26,49
32,22,26,25,45
35,14,31,28,42
34,19,28,24,45
36,18,31,24,41
33,18,27,27,45
38,14,28,24,47
35,12,32,25,47
39,19,33,25,36
33,16,32,25,44
46,23,30,17,35
42,19,29,20,41
38,19,30,22,41
35,17,32,26,40
44,13,34,22,37
34,23,31,24,38
35,21,30,26,38
35,23,38,19,35
33,18,36,23,40
33,19,36,28,34
36,20,31,25,38
36,18,33,23,40
33,16,39,22,40
33,20,35,20,42
35,19,33,22,41
38,18,30,27,37
36,20,28,20,46
37,20,34,21,38
35,22,33,17,43
29,21,33,22,45
35,24,26,28,37
30,25,32,27,37
32,26,34,20,38
34,28,32,19,37
34,24,30,23,39
39,21,28,25,37
42,24,26,20,38
39,18,26,25,42
36,24,27,26,37
36,27,31,24,32
35,30,28,23,34
37,14,24,32,41
32,14,25,39,39
35,14,24,33,44
38,17,22,39,29
38,16,22,41,34
34,15,27,41,33
31,18,24,36,36
36,20,25,32,33
34,20,19,33,30
41,18,24,32,32
40,18,23,37,32
37,23,27,30,29
43,20,25,33,29
38,7,29,38,38
38,12,19,40,30
35,13,26,44,32
37,13,24,34,34
42,15,26,35,32
39,22,21,35,32
42,20,23,33,32
38,19,18,30,27
39,17,29,31,34
36,11,25,27,30
33,15,20,31,22
36,8,27,40,39
48,15,19,32,24
33,10,20,31,20
40,11,21,31,25
39,12,18,32,26
36,12,24,35,22
32,14,23,33,21
39,11,28,38,30
44,6,25,41,27
40,6,22,35,25
39,7,21,32,24
32,10,29,39,40
37,8,20,36,20
41,8,21,36,28
38,7,19,36,25
33,8,25,29,24
42,9,21,37,20
47,11,24,31,32
41,6,21,34,28
44,5,22,32,24
36,8,18,36,23
35,5,22,35,27
25,8,30,40,47
42,8,17,39,27
34,6,22,40,28
31,7,23,43,31
39,8,22,36,27
33,9,24,32,27
33,7,22,36,28
26,7,22,28,22
31,8,20,26,26
31,9,21,29,27
29,10,26,40,30
25,10,29,39,47
33,10,29,30,26
27,6,29,30,24
34,6,24,38,25
33,9,29,28,32
34,12,27,32,33
28,9,20,30,29
32,12,23,30,29
24,10,21,29,28
34,9,22,28,32
31,8,22,25,34
27,13,30,44,36
35,9,21,33,31
37,6,21,35,27
43,7,20,30,29
39,7,15,23,27
45,8,17,31,23
34,7,19,28,24
32,10,21,28,20
39,15,16,24,24
42,11,18,38,20
33,9,14,25,20
26,13,32,42,37
33,8,17,25,26
27,11,25,27,24
28,15,23,29,27
29,9,18,30,29
38,11,23,32,33
27,10,18,29,26
33,9,17,23,17
30,9,18,26,22
31,14,18,20,24
18,10,18,23,20
29,11,31,42,36
38,9,21,18,16
26,10,19,18,18
24,8,18,20,23
33,6,25,21,26
29,9,19,30,23
23,7,21,20,24
35,4,18,30,24
25,3,18,19,21
25,8,25,13,20
32,6,24,22,28
25,12,30,32,35
33,7,20,18,26
38,6,22,20,25
33,7,15,14,22
34,6,21,16,23
28,6,23,18,17
27,6,25,23,21
31,3,19,20,21
22,6,21,17,22
36,7,19,21,20
35,7,16,20,20
30,15,28,33,39
30,16,27,39,34
37,6,18,19,15
35,5,17,18,20
23,4,22,14,15
31,5,14,20,16
38,6,22,20,16
30,4,16,19,13
38,8,16,17,15
29,5,16,17,17
27,3,21,20,14
34,5,15,20,13
32,16,25,41,34
22,5,16,18,12
33,8,14,13,14
38,6,16,15,10
27,4,12,14,9
33,5,13,14,9
25,3,11,11,7
28,5,12,11,10
28,6,15,8,13
19,3,16,7,10
26,5,15,10,6
32,12,29,38,39
33,6,17,11,9
37,7,11,14,12
34,10,9,13,9
34,10,17,11,17
30,9,13,9,15
31,8,16,12,12
16,6,10,7,7
24,3,12,10,12
22,4,8,10,7
22,7,15,15,10
34,12,26,40,33
18,3,12,12,12
16,7,15,17,13
18,8,16,14,11
24,8,14,21,19
19,8,14,20,14
28,10,28,43,33
29,15,30,37,39
37,12,25,41,35
28,15,34,35,38
27,13,24,49,37
32,10,27,43,38
35,14,27,33,31
40,11,23,42,34
39,11,23,43,34
41,9,23,41,35
37,16,27,37,33
37,16,28,34,36
30,13,28,42,37
38,17,27,31,34
37,14,27,38,34
34,18,24,43,31
37,15,25,42,31
37,10,29,32,35
37,13,23,42,34
30,20,25,39,36
38,19,23,39,31
26,15,28,47,34
31,13,26,40,40
44,14,22,29,41
34,12,21,43,40
31,17,26,41,35
31,21,23,38,37
32,12,26,45,35
38,16,23,33,40
30,20,27,37,36
37,18,24,38,33
31,19,23,45,32
40,18,24,39,29
40,16,23,41,31
40,16,23,40,31
32,22,23,40,33
35,18,29,36,30
39,21,24,33,33
40,20,20,42,28
45,9,27,32,37
40,20,21,33,36
37,24,23,40,27
41,18,24,38,29
33,18,26,39,35
35,16,22,39,38
35,16,26,37,36
38,17,26,36,33
37,13,31,36,34
32,18,29,35,35
34,18,22,33,43
40,9,22,34,40
33,14,24,32,38
32,17,28,35,39
27,16,28,36,43
35,9,22,36,35
33,14,23,31,36
37,15,22,37,40
31,15,23,41,40
36,16,29,36,33
36,18,29,29,38
34,16,25,32,35
38,11,22,42,37
38,20,22,35,35
40,18,25,24,43
46,23,22,25,33
38,24,25,32,31
40,19,24,31,36
34,17,18,31,33
33,17,18,32,34
42,16,24,30,38
40,21,21,33,34
41,21,20,28,32
40,10,19,40,41
48,18,24,31,27
42,21,19,26,31
41,20,23,28,29
50,17,25,28,31
32,14,28,31,33
34,17,27,27,32
39,21,25,24,33
35,13,27,28,27
33,17,25,29,29
29,16,34,38,32
70,17,10,32,21
71,17,15,28,19
69,16,13,28,24
79,11,9,30,22
78,13,9,25,25
83,12,9,27,20
78,15,10,26,21
78,16,8,28,21
77,16,6,29,22
74,14,13,29,20
74,12,12,32,20
80,11,10,29,20
82,9,12,22,25
57,24,17,25,27
83,13,12,21,21
81,12,13,23,21
84,5,11,28,22
76,5,13,31,25
80,8,16,28,18
84,9,11,30,16
78,13,13,25,21
78,8,13,25,26
83,13,10,21,23
75,19,16,18,22
67,19,10,26,28
75,12,12,26,25
80,12,15,21,22
83,10,10,26,21
92,9,9,22,18
81,10,9,27,23
79,11,13,23,24
77,9,14,24,26
86,10,10,22,22
88,9,11,23,19
84,7,12,28,19
58,22,16,33,21
87,8,12,23,20
85,8,12,24,21
82,12,9,26,21
82,8,10,30,20
80,9,11,28,22
73,7,15,32,23
79,13,7,25,26
73,12,8,28,29
72,11,10,29,28
87,12,8,21,22
59,17,13,35,26
72,12,10,30,27
71,15,10,32,22
80,11,9,25,26
76,11,11,28,24
71,18,11,26,25
77,15,8,28,22
80,14,9,29,18
82,7,9,27,26
91,10,8,19,22
83,10,10,26,22
66,15,14,36,19
85,10,8,27,20
83,10,8,26,23
84,11,7,21,27
80,11,10,22,27
82,9,9,22,28
83,9,8,24,26
92,7,4,25,22
85,13,7,19,26
87,11,6,20,26
87,10,5,22,26
68,14,12,29,27
77,14,8,24,28
87,10,6,22,25
85,10,10,23,22
74,12,12,25,27
76,16,10,22,26
78,13,14,21,24
82,9,13,23,23
82,11,14,22,21
79,10,12,26,23
75,11,14,23,27
67,17,20,27,19
84,13,10,21,23
75,11,15,21,28
91,7,11,19,22
82,11,10,22,25
83,15,11,23,19
84,10,10,22,24
85,11,9,24,21
91,12,7,21,19
87,14,6,23,20
89,9,11,23,19
69,17,14,33,17
83,10,12,22,24
78,11,10,27,24
82,13,11,20,24
80,14,17,19,20
78,17,14,18,23
81,17,13,19,21
78,17,13,19,23
84,12,9,21,24
88,14,9,21,18
78,11,11,22,28
68,21,13,29,19
85,12,8,22,24
80,12,13,24,21
78,15,12,22,23
84,12,15,23,16
84,11,15,22,19
81,5,9,23,32
85,10,8,25,22
82,9,10,23,26
78,8,11,27,26
82,13,8,27,20
65,16,14,31,24
73,14,15,34,15
81,12,10,27,20
83,10,11,24,22
73,9,10,31,27
79,7,11,30,23
78,7,13,27,25
89,8,6,32,15
81,8,10,28,23
76,14,11,24,26
73,14,9,31,23
85,9,9,20,27
69,19,12,26,24
83,10,6,20,31
84,12,9,20,25
84,12,8,23,23
90,10,8,26,17
86,14,10,16,24
93,6,9,21,22
88,10,7,25,20
84,13,7,21,25
93,11,4,24,18
94,12,5,22,17
65,19,10,25,31
89,12,8,21,20
82,13,5,24,26
78,12,10,25,25
74,14,9,28,25
81,10,9,27,23
86,8,6,26,24
85,11,8,23,23
79,10,11,26,24
83,12,10,21,24
78,11,8,26,27
65,23,15,23,24
74,13,6,32,25
88,19,4,20,19
80,14,8,26,22
92,10,6,23,19
85,12,7,25,21
90,10,3,26,21
77,16,7,23,27
89,12,5,23,21
89,12,7,23,19
90,12,4,26,18
67,19,11,30,23
93,12,6,23,18
73,17,9,24,27
80,14,8,26,22
77,11,12,28,22
76,14,9,29,22
75,13,11,26,25
78,18,10,22,22
72,12,11,34,21
74,10,15,28,23
71,18,12,28,21
67,19,10,28,26
82,10,12,32,14
86,18,10,28,8
87,12,9,33,9
82,11,11,34,12
88,11,10,34,7
78,13,12,33,14
83,11,9,29,18
88,11,7,32,12
91,11,9,28,11
85,9,9,33,14
57,21,15,30,27
80,16,8,26,20
77,12,13,34,14
77,14,9,33,17
66,21,9,31,23
69,18,11,31,21
68,19,10,28,25
63,21,11,34,21
71,18,9,26,26
70,17,12,27,24
69,19,9,29,24
66,20,9,27,28
67,20,9,28,26
68,18,10,26,28
73,20,7,28,22
73,18,12,24,23
71,15,13,29,22
73,14,10,33,20
65,20,10,30,25
69,15,18,30,18
68,15,14,29,24
70,15,16,27,22
76,16,8,27,23
67,16,11,35,21
76,14,13,28,19
66,17,13,30,24
63,16,11,34,26
68,20,11,30,21
64,21,10,33,22
69,16,13,30,23
73,17,8,28,24
78,21,8,25,18
72,16,14,30,18
67,21,10,33,19
68,14,15,29,25
65,17,15,31,22
66,20,13,28,23
77,16,10,29,18
81,12,11,23,23
69,16,9,34,23
64,17,11,35,23
80,17,8,28,17
75,18,11,32,14
78,15,13,24,20
66,19,13,28,24
67,15,12,31,25
69,13,14,33,21
73,12,13,30,22
73,18,10,32,17
74,19,10,30,17
72,14,12,28,24
64,18,12,33,23
69,16,13,25,27
69,20,15,23,23
72,22,13,21,22
74,16,12,27,21
70,15,15,30,20
70,18,16,29,17
69,14,16,28,23
58,18,16,34,25
64,18,11,34,23
64,18,13,32,23
69,15,13,30,23
63,23,20,25,19
59,14,16,35,26
77,12,10,31,20
82,11,6,27,24
70,17,7,30,27
70,15,11,31,23
70,15,12,31,22
76,18,11,27,18
88,7,8,26,21
81,12,12,22,23
65,15,13,33,24
74,16,9,27,24
86,13,6,19,26
79,11,12,27,21
78,12,10,28,23
86,11,5,26,22
82,9,14,25,20
78,7,15,21,29
83,11,8,27,21
81,11,8,31,19
83,13,10,25,19
42,29,27,28,25
40,27,29,35,19
43,24,15,35,33
29,33,22,38,28
35,32,20,38,25
36,38,20,28,28
36,29,16,33,36
38,25,17,40,30
45,33,18,30,24
42,27,15,36,30
43,27,18,33,29
42,31,15,34,28
44,35,15,32,26
41,23,16,38,32
36,31,17,36,31
37,35,17,29,32
37,29,16,32,37
44,27,13,26,40
44,26,15,32,33
44,28,16,26,37
47,26,17,28,32
46,23,14,33,34
40,24,16,33,38
36,25,20,38,31
42,27,17,40,24
34,32,16,36,32
46,31,17,38,18
42,25,20,33,30
44,25,21,33,27
44,29,15,32,30
49,25,15,33,28
49,33,15,34,19
39,29,15,37,30
38,28,19,35,30
38,37,16,33,26
35,21,18,44,33
36,28,21,37,28
38,31,16,42,23
43,24,22,37,25
38,22,26,44,20
35,29,18,43,25
29,21,25,45,30
31,20,23,45,31
28,24,22,48,28
31,21,21,43,34
34,25,21,41,29
35,17,22,39,37
35,26,25,37,27
36,28,20,43,23
32,24,20,46,28
31,25,21,43,30
37,31,17,41,24
31,29,22,38,30
30,28,25,42,25
47,27,20,36,21
45,24,18,39,24
38,28,20,42,22
37,20,19,35,39
35,23,20,36,36
41,32,18,29,30
33,27,24,38,28
35,29,22,41,23
42,20,22,37,29
42,31,21,34,22
34,39,24,30,23
38,27,23,38,25
45,30,22,31,22
51,23,13,31,32
33,20,16,38,35
42,21,14,32,34
43,26,17,37,27
37,32,21,28,32
33,29,15,32,29
40,18,11,24,21
46,25,17,27,27
43,21,13,27,19
42,26,16,25,25
46,28,10,27,23
42,25,14,30,28
34,19,11,33,30
57,23,11,31,26
50,19,18,43,20
45,25,20,37,23
45,27,21,37,20
38,31,23,35,24
42,22,17,40,29
40,19,20,33,25
30,30,15,26,23
37,25,26,32,28
37,31,31,28,23
42,23,15,33,24
36,27,36,30,21
36,23,32,38,21
34,18,33,37,28
35,28,28,31,28
31,24,23,43,29
39,19,22,40,30
38,18,26,43,25
54,20,22,33,21
47,17,23,35,28
38,17,13,27,26
40,26,27,34,23
39,18,11,28,27
39,21,11,31,28
40,17,6,30,28
33,25,14,26,25
41,20,14,33,35
38,19,16,40,37
39,23,20,34,35
43,17,21,39,30
40,30,17,31,27
34,28,20,27,36
43,29,27,26,25
33,29,19,32,37
38,23,23,34,31
34,26,19,24,28
41,21,25,35,29
48,14,19,27,21
45,27,20,30,28
47,24,19,29,31
45,30,22,27,26
40,21,16,30,25
45,24,22,32,27
35,29,23,28,35
46,17,20,37,30
43,28,17,36,27
47,31,14,32,26
40,16,16,39,33
41,33,17,33,26
49,23,14,37,27
32,23,14,48,33
40,22,16,41,31
42,24,18,32,35
42,27,18,35,28
38,21,23,35,33
39,24,21,34,33
42,22,19,39,28
45,24,23,34,24
48,22,19,33,28
52,25,16,29,28
51,21,17,34,21
55,17,18,37,19
51,24,21,30,24
57,19,17,35,23
54,25,16,28,27
37,26,25,33,29
52,23,16,31,28
53,16,15,30,36
54,20,15,30,30
54,23,22,30,21
44,23,19,23,24
48,30,25,25,22
52,29,20,27,22
54,21,20,31,24
47,28,19,31,25
50,18,16,34,32
35,29,21,35,30
48,20,19,41,21
44,17,19,41,25
48,18,15,41,28
48,21,20,41,20
40,25,21,33,32
45,28,20,26,32
40,34,20,31,25
37,26,18,38,31
38,26,19,39,28
43,27,23,34,23
37,24,20,36,32
40,23,21,37,29
39,30,17,35,29
43,33,22,31,21
37,34,22,38,19
35,34,24,33,24
34,28,20,39,29
34,26,26,37,28
28,23,25,41,33
35,21,28,42,24
35,23,26,44,22
39,26,24,32,29
28,24,24,44,24
32,25,26,43,24
37,21,26,40,26
34,22,24,42,28
31,27,30,40,22
33,24,26,40,27
34,27,23,38,28
30,27,26,39,28
33,23,30,37,27
39,22,20,39,30
42,12,24,34,38
43,16,24,36,31
38,19,29,32,32
53,10,22,39,27
47,12,22,40,29
39,9,16,25,25
34,5,12,27,19
43,7,13,18,18
30,3,12,23,19
37,7,12,18,24
60,12,20,29,29
70,10,16,31,23
65,7,19,32,28
32,20,26,35,37
53,10,18,29,28
29,3,12,16,19
36,10,17,26,23
56,11,18,29,28
58,15,18,27,32
55,15,25,27,28
35,16,9,14,19
19,11,8,11,12
21,8,11,12,12
28,8,9,15,14
42,20,28,27,33
17,10,10,11,12
17,15,10,9,14
19,12,14,13,14
27,13,9,12,13
27,18,7,7,13
24,11,6,7,13
25,10,4,8,12
28,7,7,12,8
33,15,7,14,14
29,16,12,9,12
37,22,26,29,36
26,8,8,15,15
34,12,10,13,15
35,14,12,12,12
35,17,13,16,19
42,17,10,21,22
33,9,13,16,20
30,12,10,16,15
50,13,14,23,18
43,14,12,21,23
37,12,11,16,24
41,21,29,28,31
42,15,12,16,25
38,7,11,28,18
38,9,13,21,20
42,16,14,20,18
32,15,11,20,21
34,16,15,25,22
33,20,12,25,21
28,20,12,21,15
33,15,14,18,19
44,15,12,20,25
44,17,31,26,32
35,19,10,16,19
43,11,8,18,16
40,15,6,17,20
47,18,4,20,17
47,12,10,15,22
33,18,12,18,14
33,16,4,10,13
26,18,8,19,20
39,15,8,17,16
42,20,10,14,20
43,18,29,28,33
45,20,10,22,24
46,15,9,12,17
34,5,7,6,17
34,14,6,11,15
42,15,6,7,18
37,14,4,7,14
43,13,3,8,15
39,9,3,14,15
34,7,3,14,8
42,9,4,13,10
40,21,24,32,33
40,4,4,13,12
37,6,5,10,14
41,9,4,12,10
42,14,8,19,13
37,9,5,14,15
37,8,3,16,7
43,10,5,20,12
34,9,7,6,14
40,15,12,14,11
49,18,11,16,17
37,16,28,32,37
40,17,11,14,16
45,19,15,14,17
41,22,20,35,32
42,17,26,35,30
41,30,23,28,28
34,35,18,27,37
30,34,22,29,35
29,32,16,36,37
24,41,22,26,38
23,33,27,23,44
35,14,30,35,36
24,29,25,20,52
34,30,24,11,52
38,26,19,26,42
34,23,10,18,37
39,24,12,20,45
27,16,6,20,25
24,13,10,21,27
34,39,16,28,33
31,32,20,33,35
30,30,21,35,34
31,17,25,41,37
35,15,31,33,37
39,29,19,32,31
27,33,22,32,36
29,34,22,33,32
33,28,24,33,32
34,31,19,34,32
34,29,26,26,35
33,28,25,33,31
30,31,21,39,29
35,32,21,36,26
33,28,24,37,29
44,14,28,29,35
35,26,22,35,32
34,27,23,38,28
29,31,28,31,31
32,27,28,31,32
38,24,24,33,31
35,29,23,29,34
41,25,22,29,33
31,23,24,34,38
38,21,21,30,40
37,27,24,26,36
39,13,31,34,33
40,23,27,24,36
41,28,25,25,31
33,33,27,24,33
28,38,22,30,32
28,30,26,32,34
35,31,26,29,30
32,30,23,33,32
38,31,23,27,31
28,37,24,34,28
39,33,20,30,28
38,14,31,36,31
34,35,20,30,31
30,33,24,33,30
34,34,20,29,33
41,34,25,24,26
41,31,20,28,30
41,28,23,32,26
37,32,19,32,30
35,28,21,36,30
38,34,20,34,25
34,27,24,36,29
40,19,31,28,32
36,30,22,34,28
38,31,20,37,24
38,16,34,29,33
39,14,32,33,32
41,18,26,30,35
40,17,28,33,32
37,17,27,31,38
37,14,23,41,35
37,17,29,23,44
43,20,21,31,35
36,20,26,28,40
37,25,27,23,38
36,22,28,28,36
35,17,27,29,42
44,14,27,28,37
46,19,22,27,36
35,20,25,32,38
48,16,28,25,33
37,18,21,36,38
50,17,24,23,36
47,16,25,28,34
49,18,25,21,37
48,16,23,30,33
47,16,22,28,37
54,12,28,32,24
40,12,25,41,32
40,14,24,38,34
43,13,23,44,28
42,20,28,31,30
41,16,23,38,32
43,16,25,35,32
37,12,26,37,38
44,13,21,34,38
37,20,21,32,40
35,21,27,33,34
34,13,22,43,38
38,12,24,40,36
45,7,21,44,33
43,14,24,36,33
48,15,18,40,29
44,12,19,37,38
37,16,21,41,35
35,12,15,32,26
31,20,21,30,32
34,15,19,36,37
36,6,17,34,25
33,13,16,40,28
42,26,17,36,29
48,15,16,40,31
54,20,15,33,28
49,12,18,41,30
53,16,15,30,36
45,23,19,41,23
44,18,26,39,23
49,17,25,36,24
49,11,26,38,26
50,11,23,42,24
57,16,14,39,24
49,13,19,35,28
44,19,15,38,28
55,14,16,41,24
42,19,16,45,27
38,18,25,32,37
38,24,20,39,30
51,11,14,44,26
40,6,28,28,24
32,7,21,38,23
56,8,23,40,22
46,8,16,33,24
40,8,19,30,24
48,9,17,37,19
46,7,18,37,22
39,7,19,36,22
45,19,24,26,36
43,9,15,36,28
38,9,9,27,22
51,12,18,33,21
63,11,14,36,26
52,5,18,36,24
51,8,24,28,29
58,12,20,33,27
54,6,16,36,32
48,10,20,42,31
52,11,21,41,25
15,22,24,50,39
12,16,24,54,45
18,20,26,39,48
27,13,13,49,29
30,19,19,38,24
31,22,18,46,25
34,20,13,44,22
30,22,11,38,19
32,33,8,40,29
25,21,7,34,20
21,18,12,34,23
22,24,19,42,27
24,20,18,34,16
20,24,21,47,38
28,18,15,38,16
26,21,20,36,26
26,20,16,32,22
27,16,13,39,22
31,17,15,37,19
27,16,15,33,17
19,19,18,35,18
35,18,16,38,20
29,20,12,37,15
26,18,11,39,24
18,23,22,42,45
22,18,18,34,21
17,15,12,36,24
25,18,10,32,19
29,14,12,28,14
21,12,11,25,15
23,19,9,26,18
28,12,13,25,19
20,13,16,24,19
21,10,15,30,19
26,17,13,26,21
17,25,20,50,38
20,14,18,29,19
19,19,20,32,21
27,17,16,38,32
33,17,16,41,30
30,18,12,45,32
30,21,15,34,28
32,28,19,44,24
27,28,17,37,31
32,26,18,41,30
33,27,14,41,28
13,23,24,54,36
35,27,17,39,32
40,21,18,40,27
27,21,18,40,29
22,16,19,31,33
29,23,14,33,32
32,19,22,36,32
22,18,21,37,31
33,16,19,42,31
19,26,20,48,29
27,22,17,51,33
18,20,25,45,42
30,26,16,50,28
31,26,16,50,26
33,26,23,46,22
21,26,19,46,38
22,21,25,55,27
26,27,20,55,22
23,28,23,46,30
21,22,23,51,33
30,22,21,45,32
31,20,25,40,34
12,21,20,53,44
30,20,19,44,37
35,16,18,42,39
37,17,23,39,34
27,18,21,40,37
31,11,18,42,30
38,9,18,41,34
27,11,18,41,28
31,9,20,43,25
37,20,21,37,29
30,13,17,35,28
22,15,17,54,42
32,14,20,43,27
45,19,17,34,32
25,20,19,39,32
28,18,23,33,29
39,10,24,43,34
37,14,23,35,30
32,19,11,44,32
39,14,19,41,37
38,23,17,42,30
17,18,24,49,42
13,16,27,49,45
14,14,28,38,56
8,14,31,50,47
14,15,32,48,41
23,16,24,44,43
13,14,33,48,43
15,11,28,54,42
20,16,27,50,37
26,20,20,40,44
25,15,18,39,53
31,17,17,42,43
21,26,20,37,46
13,20,22,49,46
30,26,23,37,34
20,22,33,26,49
27,22,19,45,37
21,19,26,40,44
20,17,22,45,46
20,19,29,35,47
21,21,27,40,41
23,18,25,36,48
23,14,30,44,39
21,19,30,32,48
15,18,22,43,52
19,25,29,33,44
21,18,30,40,41
28,17,32,32,41
23,18,25,37,48
21,16,27,40,46
19,19,26,35,51
15,19,20,49,48
21,15,24,44,46
28,22,19,46,35
22,19,23,45,41
16,22,19,50,43
30,18,26,42,34
25,18,22,47,38
24,15,26,56,29
31,12,29,43,25
33,15,23,47,32
33,17,28,45,27
34,18,23,46,29
34,17,28,43,28
32,13,33,43,29
39,16,28,40,27
15,21,21,41,52
34,22,29,36,29
31,19,27,49,24
33,21,26,48,22
33,20,23,44,30
33,20,24,45,22
33,15,23,42,21
40,19,18,48,25
32,21,17,48,20
32,19,16,49,33
35,19,21,50,22
10,22,25,53,40
35,22,20,35,27
31,21,19,40,24
28,22,19,42,26
29,16,21,44,21
42,24,19,42,23
37,24,16,41,23
27,36,17,42,15
30,33,20,40,23
30,35,18,35,19
27,34,16,40,20
18,26,19,39,48
31,30,18,39,21
34,29,19,48,21
30,28,17,43,32
30,17,20,41,17
29,21,20,48,24
25,27,25,45,29
28,25,19,49,29
35,22,16,46,31
26,28,18,47,31
26,22,17,43,24
17,19,26,41,47
34,26,13,29,28
27,27,15,33,29
25,29,16,39,27
31,34,18,34,29
20,21,18,35,25
29,22,23,36,26
30,30,19,46,25
24,18,23,38,23
25,22,16,38,21
23,18,14,45,19
41,13,15,36,32
33,8,21,30,34
28,11,11,28,31
29,16,14,32,31
30,17,16,36,27
36,19,14,41,31
30,13,15,33,33
26,14,14,31,30
35,17,16,34,32
26,16,12,38,29
29,14,13,34,32
29,16,14,35,32
31,17,13,30,29
39,13,14,29,31
25,21,13,38,31
29,21,13,30,33
28,17,14,25,25
32,17,14,27,26
35,15,11,36,27
31,16,14,30,26
27,16,12,38,31
38,23,11,41,31
26,12,15,48,25
32,13,14,37,28
33,15,12,35,36
31,21,19,38,31
30,16,14,41,24
32,17,14,37,31
32,19,13,36,34
32,16,16,34,28
34,16,12,41,33
37,21,13,39,31
33,16,12,39,29
32,19,12,28,32
41,16,13,37,31
33,11,12,38,30
27,16,13,30,23
29,20,10,36,24
38,16,13,34,36
36,18,11,30,27
35,20,6,31,24
43,17,11,34,29
26,22,12,36,27
26,25,13,34,29
40,26,7,40,37
44,28,14,37,27
31,11,18,34,21
37,22,18,31,28
45,24,12,34,35
34,22,13,34,29
42,21,13,39,29
43,28,17,36,26
33,24,14,34,31
37,20,18,36,29
49,18,17,32,25
48,24,16,34,27
40,19,16,37,38
32,14,17,34,23
40,21,21,35,33
40,22,18,33,34
40,25,17,35,31
43,27,20,32,28
38,19,17,35,28
37,21,22,37,25
39,25,21,32,33
41,14,18,36,37
33,19,20,31,31
42,15,22,30,35
32,11,14,33,22
42,15,19,31,29
44,19,18,29,34
41,21,17,28,36
33,14,18,32,23
44,21,16,27,23
45,19,21,35,30
36,21,19,41,29
42,17,20,38,28
44,22,19,34,30
36,29,19,33,33
35,14,18,35,30
38,23,21,35,32
37,25,18,39,31
33,25,20,40,32
36,20,18,34,31
31,27,20,42,30
28,26,21,40,31
32,27,17,43,26
36,28,22,38,27
31,29,18,39,29
36,25,16,41,32
31,10,14,33,32
37,28,16,41,27
35,17,13,35,24
39,19,13,29,26
33,20,17,33,29
38,19,16,34,25
38,21,15,32,26
44,22,15,42,27
38,20,12,36,27
39,30,13,39,29
40,23,15,48,24
29,11,12,30,25
36,27,13,42,32
33,30,14,44,29
36,30,15,42,27
42,23,17,42,26
26,8,17,34,26
33,14,9,32,29
29,14,11,33,23
43,8,11,35,28
39,10,14,31,23
38,10,12,28,25
39,9,14,24,25
27,10,14,33,25
47,18,10,23,26
41,17,9,31,25
38,15,12,32,31
36,14,20,31,34
42,21,17,35,28
36,12,11,32,34
33,15,13,29,27
52,17,15,30,30
39,11,14,23,32
39,11,12,23,29
53,16,11,28,25
37,10,12,27,28
39,10,10,36,26
36,16,13,38,27
25,9,19,22,24
32,10,12,35,31
34,12,16,28,26
41,10,16,36,28
33,10,20,29,27
42,10,19,40,21
41,11,15,32,21
35,10,19,38,22
43,8,21,35,29
37,13,16,41,23
45,12,22,34,23
27,8,15,20,29
45,18,22,41,24
41,18,22,32,30
38,15,19,36,27
41,16,23,33,23
46,20,21,35,28
52,13,15,37,19
45,8,13,38,22
43,10,11,36,22
42,11,15,34,29
39,12,19,37,23
31,8,16,24,28
46,12,22,41,23
42,13,16,41,30
42,14,16,40,31
40,22,22,35,30
42,19,20,40,29
45,22,21,38,24
44,16,20,39,31
40,17,17,35,27
44,20,18,40,28
42,25,17,38,28
25,9,16,29,30
46,22,17,34,31
43,16,19,33,25
48,19,13,33,36
49,19,12,30,30
36,21,11,34,29
33,17,19,34,29
37,33,13,32,31
42,15,14,35,24
43,16,15,35,36
49,17,19,30,26
31,9,19,30,29
28,22,10,30,19
41,22,15,36,29
37,23,15,30,30
35,23,13,22,27
44,27,15,29,31
35,20,9,22,32
43,23,10,28,27
39,30,12,31,38
35,17,12,26,39
43,26,12,29,37
27,14,17,37,29
46,21,12,28,42
38,19,10,37,35
40,17,9,28,28
43,26,12,29,31
39,19,10,29,37
37,19,12,36,33
51,21,11,35,32
46,15,10,30,39
37,14,10,33,27
45,18,17,34,30
24,28,29,38,31
25,35,24,39,28
19,38,27,36,30
19,21,28,48,34
24,18,22,46,41
17,32,23,36,43
15,29,22,36,48
15,29,26,39,41
14,22,24,38,54
22,26,17,40,45
24,21,30,39,37
16,19,29,40,46
19,19,25,36,51
21,35,29,39,26
14,24,24,49,39
21,22,20,50,37
24,28,20,43,36
25,31,22,38,34
26,26,28,34,36
16,34,30,32,39
18,36,21,36,39
17,37,19,31,46
15,23,21,43,49
9,32,23,33,54
22,38,30,32,28
14,30,20,32,54
13,31,24,36,46
12,31,27,30,50
21,17,25,38,49
20,27,23,31,49
25,34,20,38,33
19,39,21,35,36
13,39,29,37,32
23,20,28,37,39
21,23,25,40,41
20,41,27,37,25
11,31,32,34,42
16,36,20,35,43
20,28,30,34,38
23,28,30,30,39
22,28,23,31,46
27,28,29,29,37
18,35,23,35,39
24,29,23,40,34
25,35,16,41,33
25,30,18,42,36
21,39,25,36,29
24,34,25,36,31
31,33,16,30,40
20,23,21,42,44
21,31,18,42,38
23,29,20,41,37
23,39,18,35,35
21,26,19,47,37
15,33,21,43,38
24,23,21,43,39
17,27,19,44,44
21,36,29,32,32
23,25,22,37,43
22,27,22,36,44
23,26,21,42,38
27,26,20,36,41
33,21,24,32,40
32,23,24,34,38
23,18,19,46,44
21,28,19,40,42
13,20,24,51,42
16,28,23,37,46
20,39,29,33,29
16,27,23,38,46
19,27,24,36,45
19,32,18,44,37
26,23,19,49,33
23,22,21,38,46
28,22,21,39,40
29,26,21,36,31
23,28,19,43,37
23,33,19,32,43
19,32,14,46,39
18,42,23,37,30
27,24,23,39,37
32,27,17,40,34
19,27,22,44,38
23,32,20,39,37
14,35,20,42,39
18,35,20,38,39
28,27,17,43,35
28,30,22,43,27
30,26,19,41,34
33,22,20,36,39
20,42,23,36,29
34,27,23,31,35
40,29,18,33,31
28,21,19,47,35
30,27,18,41,34
27,28,24,41,31
28,27,22,41,33
32,31,17,41,29
32,30,12,38,38
30,30,11,39,41
33,20,14,45,38
14,33,29,41,34
37,18,18,43,34
33,29,21,34,33
32,24,20,39,36
29,27,23,36,35
24,20,27,39,40
22,30,19,38,41
28,28,20,35,39
23,27,22,34,44
25,25,26,38,36
25,27,23,34,41
28,37,26,29,30
16,39,22,44,30
26,30,24,40,30
24,35,24,29,38
25,33,22,37,33
29,24,22,37,38
30,26,23,38,33
28,33,16,35,38
28,29,20,42,31
28,24,24,42,32
30,26,23,35,36
35,31,22,34,29
22,35,32,25,36
37,23,18,39,33
33,29,18,40,30
34,24,20,32,40
30,31,25,29,35
33,28,23,33,33
34,24,23,40,29
24,21,24,46,35
22,22,31,34,41
31,26,23,35,36
40,17,18,41,34
21,31,31,38,29
26,31,19,32,42
27,26,25,34,39
17,30,28,44,31
19,31,20,44,36
25,24,32,27,42
20,22,20,40,48
14,33,22,36,45
25,32,19,31,44
17,38,21,33,41
15,36,21,43,36
29,35,27,35,25
23,36,19,36,36
17,46,17,37,33
22,35,14,36,43
19,39,20,39,33
23,32,16,38,41
18,34,17,43,38
13,42,17,42,36
17,46,19,43,25
20,43,18,34,35
15,37,28,33,37
20,36,29,31,34
20,35,21,37,37
20,29,24,31,46
20,25,27,33,45
15,28,32,34,42
9,30,33,36,42
9,28,30,28,55
13,37,22,36,42
10,37,29,24,50
2,65,10,12,61
2,57,12,18,61
21,34,35,37,25
2,69,8,12,59
3,64,13,14,57
2,63,12,19,55
1,62,13,17,57
1,60,12,15,62
1,61,8,16,65
2,56,10,11,71
1,49,13,14,73
1,54,12,15,68
1,51,11,18,69
21,27,30,50,22
1,53,9,18,69
3,52,8,16,71
1,61,8,17,63
1,49,11,11,78
2,51,11,14,72
4,55,8,20,63
3,51,10,12,74
1,55,6,11,78
3,54,7,13,74
2,51,7,21,70
20,31,29,41,29
3,49,7,17,74
3,58,8,19,63
3,52,16,15,64
2,55,18,7,69
2,53,16,6,74
2,51,10,22,66
1,64,8,13,64
3,61,6,23,57
3,66,11,15,55
2,61,10,20,57
19,33,28,45,25
1,55,7,19,68
1,72,12,14,52
1,43,18,24,64
1,46,18,28,57
1,52,19,27,52
3,51,11,25,60
5,63,13,23,47
1,63,13,17,57
2,52,14,24,58
3,45,15,34,53
17,27,27,44,35
3,44,15,20,68
3,42,12,15,78
4,55,22,14,55
24,33,26,34,33
18,28,26,54,24
14,38,22,46,30
14,43,24,40,29
23,35,21,39,32
32,32,19,38,29
27,32,24,39,28
28,32,26,35,29
24,29,21,45,31
23,25,24,46,32
20,31,22,43,35
22,38,26,33,31
23,41,20,37,30
22,31,23,39,35
20,39,25,34,32
21,35,26,32,36
27,37,25,34,27
25,42,19,32,33
18,42,16,39,36
19,41,20,40,30
26,37,23,33,31
21,37,20,44,30
21,38,27,38,26
17,35,22,37,39
20,48,23,28,31
19,39,23,35,34
21,42,23,32,32
19,37,21,45,28
25,39,23,34,31
27,38,22,36,27
20,42,22,39,27
20,35,20,46,29
28,35,24,28,35
26,37,23,33,31
24,30,26,31,39
27,36,29,31,27
17,43,25,41,24
21,48,25,32,24
16,41,23,36,34
16,45,23,36,30
19,36,30,38,27
16,38,27,39,30
14,42,28,38,28
14,37,27,40,32
26,38,28,33,25
15,35,25,42,33
14,41,26,36,33
11,39,25,36,40
10,44,25,33,38
15,42,23,32,38
15,40,21,31,43
17,32,19,34,48
20,46,19,29,36
19,39,17,36,39
19,39,16,38,38
27,32,29,38,24
18,37,17,47,31
20,40,16,39,35
22,43,21,37,27
21,34,23,35,37
15,38,16,38,44
20,41,19,41,29
22,32,23,37,36
25,26,22,41,36
23,37,18,36,36
21,30,23,34,43
22,36,28,34,30
28,24,21,43,34
24,28,23,40,35
22,28,21,36,43
28,31,23,36,32
24,21,23,47,35
26,20,22,47,35
20,18,25,47,41
20,20,30,46,34
18,24,27,45,36
25,18,31,40,36
